motif_id,pattern_type,instance_idx,density_mean,density_std,density_change,density_range,ore_correlation,watermill_correlation,waterzumpf_correlation,ore_lag,watermill_lag,waterzumpf_lag,ore_cv,watermill_cv,waterzumpf_cv,psi200_cv
1,steady_state,0,1807.384624161945,0.03584192879355919,-0.12278810668772167,0.12278810668772167,1.0,1.0,1.0,0,0,0,7.707034711498517e-05,0.00022305430995107973,5.427375370484848e-06,9.56020027883361e-07
1,steady_state,1,1816.6530567543928,0.0358419287935591,-0.12278810668772167,0.12278810668772167,1.0,0.9999999999999999,1.0,0,0,0,7.556436683269822e-05,0.00021089015752512086,5.419768858596841e-06,9.562564326774766e-07
1,steady_state,2,1826.1256763107708,0.03584192879356931,-0.12278810668772167,0.12278810668772167,1.0,1.0,1.0,0,0,0,7.408483241259467e-05,0.00019975654624165034,5.412016771894986e-06,9.564981663890977e-07
1,steady_state,3,1823.7250998429442,0.03584192879357193,-0.12278810668794904,0.12278810668794904,1.0,1.0,1.0,0,0,0,7.445427171412811e-05,0.00020246533961705467,5.413979227732284e-06,9.564368940301542e-07
1,steady_state,4,1797.7478272494345,0.03584192879357801,-0.12278810668772167,0.12278810668772167,0.9999999999999997,1.0,0.9999999999999999,0,0,0,7.870118165935451e-05,0.00023728487028606382,5.435306869277912e-06,9.557743513328126e-07
1,steady_state,5,1800.4588230881006,0.03584192879355978,-0.12278810668772167,0.12278810668772167,1.0,1.0,1.0,0,0,0,7.82354643326775e-05,0.0002331012512474735,5.433073260486983e-06,9.558434515889647e-07
1,steady_state,6,1795.6107623364094,0.035841928793578594,-0.12278810668749429,0.12278810668749429,1.0,0.9999999999999999,1.0,0,0,0,7.907223093365297e-05,0.00024069016523386755,5.437068907174646e-06,9.557198869844104e-07
1,steady_state,7,1834.7263623455015,0.03584192879358536,-0.12278810668772167,0.12278810668772167,1.0,0.9999999999999999,1.0,0,0,0,7.279079308450619e-05,0.00019061941477054292,5.404997430800943e-06,9.56717754942418e-07
1,steady_state,8,1802.6331383256265,0.035841928793587254,-0.12278810668749429,0.12278810668749429,1.0,1.0,1.0,0,0,0,7.786590672556537e-05,0.0002298509615862938,5.431283152858999e-06,9.558988796671787e-07
1,steady_state,9,1802.4855166692714,0.03584192879355015,-0.12278810668772167,0.12278810668772167,1.0,1.0,1.0,0,0,0,7.789088674055958e-05,0.00023006876399858702,5.431404652035731e-06,9.558951162643758e-07
1,steady_state,10,1806.818971086193,0.03584192879356386,-0.12278810668772167,0.12278810668772167,1.0,1.0,1.0,0,0,0,7.716420309974065e-05,0.0002238422832960625,5.4278402877770164e-06,9.560056038632233e-07
1,steady_state,11,1813.918607007708,0.03584192879357665,-0.12278810668772167,0.12278810668772167,0.9999999999999999,0.9999999999999999,0.9999999999999999,0,0,0,7.600251762372852e-05,0.00021433869917485864,5.4220107765691655e-06,9.561866744282817e-07
1,steady_state,12,1821.6859894869397,0.035841928793561385,-0.12278810668772167,0.12278810668772167,0.9999999999999999,1.0,1.0,0,0,0,7.477098924576356e-05,0.00020482463453679918,5.4156473055830656e-06,9.563848539080694e-07
1,steady_state,13,1827.225250704367,0.03584192879356615,-0.12278810668772167,0.12278810668772167,1.0,1.0,0.9999999999999997,0,0,0,7.391683371959681e-05,0.00019853985058929674,5.411118351901989e-06,9.565262345770782e-07
1,steady_state,14,1810.91374749798,0.03584192879355691,-0.12278810668749429,0.12278810668749429,0.9999999999999999,1.0,1.0,0,0,0,7.648989440909551e-05,0.00021826071151918332,5.424476537741759e-06,9.561100294965963e-07
1,steady_state,15,1824.4714859746077,0.035841928793593526,-0.12278810668772167,0.12278810668772167,1.0,1.0,1.0,0,0,0,7.433901172038449e-05,0.0002016152859775547,5.413368909420377e-06,9.56455943962906e-07
1,steady_state,16,1797.876133922715,0.03584192879356148,-0.12278810668749429,0.12278810668749429,1.0,0.9999999999999999,1.0,0,0,0,7.867901511264388e-05,0.0002370834843115074,5.435201115089456e-06,9.557776215065755e-07
1,steady_state,17,1829.5996139808788,0.03584192879358628,-0.12278810668749429,0.12278810668749429,0.9999999999999999,0.9999999999999999,1.0,0,0,0,7.355665246572726e-05,0.00019596248267580502,5.40917936797296e-06,9.565868491518376e-07
1,steady_state,18,1823.880999349188,0.03584192879356474,-0.12278810668749429,0.12278810668749429,1.0,1.0,1.0,0,0,0,7.443016755510837e-05,0.0002022871951058404,5.413851737675649e-06,9.564408729766062e-07
1,steady_state,19,1811.2986675178208,0.03584192879358365,-0.12278810668772167,0.12278810668772167,0.9999999999999999,1.0,1.0,0,0,0,7.642711306010722e-05,0.0002177503082212615,5.424160550527893e-06,9.561198469676484e-07
2,steady_state,0,1806.3181611679051,0.03584192879355949,-0.12278810668772167,0.12278810668772167,0.9999999999999999,0.9999999999999998,0.9999999999999999,0,0,0,7.724749097946005e-05,0.00022454458912027475,5.428251976151746e-06,9.559928336912468e-07
2,steady_state,1,1800.6685286186232,0.03584192879356129,-0.12278810668772167,0.12278810668772167,1.0,1.0,1.0,0,0,0,7.819966894334531e-05,0.00023278377165312207,5.43290055910446e-06,9.558487971633165e-07
2,steady_state,2,1818.6535371442483,0.03584192879355925,-0.12278810668772167,0.12278810668772167,1.0,1.0,1.0,0,0,0,7.524700900460401e-05,0.00020843672857677584,5.418129880695262e-06,9.563074731669518e-07
2,steady_state,3,1822.228188654673,0.035841928793556965,-0.12278810668749429,0.12278810668749429,1.0,1.0,1.0,0,0,0,7.46865114108524e-05,0.0002041919484620359,5.415203663594151e-06,9.563986908110264e-07
2,steady_state,4,1807.8702580221034,0.03584192879356255,-0.12278810668772167,0.12278810668772167,1.0,0.9999999999999999,0.9999999999999999,0,0,0,7.698995028200995e-05,0.00022238221866429958,5.426976285524441e-06,9.560324117750978e-07
2,steady_state,5,1820.9161494472578,0.03584192879357403,-0.12278810668772167,0.12278810668772167,1.0,1.0,0.9999999999999999,0,0,0,7.489126370359135e-05,0.0002057297173970136,5.416277334363753e-06,9.563652082846063e-07
2,steady_state,6,1830.653660200085,0.035841928793587836,-0.12278810668794904,0.12278810668794904,1.0,0.9999999999999999,1.0,0,0,0,7.339788052340992e-05,0.00019483964096894614,5.408319044110061e-06,9.56613760119365e-07
2,steady_state,7,1834.1234589452483,0.035841928793556424,-0.12278810668772167,0.12278810668772167,1.0,1.0,0.9999999999999999,0,0,0,7.288002934250897e-05,0.00019123259112909858,5.405488889278921e-06,9.567023586175956e-07
2,steady_state,8,1802.3544507126944,0.03584192879358832,-0.12278810668794904,0.12278810668794904,1.0,1.0,1.0,0,0,0,7.79130786945103e-05,0.0002302624861920006,5.431512529685019e-06,9.558917749576718e-07
2,steady_state,9,1813.6744104359807,0.035841928793577435,-0.12278810668749429,0.12278810668749429,1.0,1.0,1.0,0,0,0,7.604189339654404e-05,0.00021465216055739558,5.422211078427276e-06,9.56180445242207e-07
2,steady_state,10,1833.6240286686082,0.035841928793573154,-0.12278810668794904,0.12278810668794904,0.9999999999999998,0.9999999999999999,0.9999999999999999,0,0,0,7.295411631262942e-05,0.00019174352667136355,5.405896069026296e-06,9.566896050705767e-07
2,steady_state,11,1816.8862161929346,0.03584192879357398,-0.12278810668772167,0.12278810668772167,1.0,1.0,1.0,0,0,0,7.552724047941048e-05,0.00021060123669332692,5.419577781859054e-06,9.56262381253716e-07
2,steady_state,12,1831.263461808579,0.03584192879355959,-0.12278810668772167,0.12278810668772167,1.0,0.9999999999999998,1.0,0,0,0,7.330633813529593e-05,0.00019419589494636542,5.40782144242754e-06,9.566293297323958e-07
2,steady_state,13,1819.1929770286852,0.035841928793571745,-0.12278810668772167,0.12278810668772167,1.0,1.0,1.0,0,0,0,7.516188763530213e-05,0.00020778489025009893,5.417688091492174e-06,9.56321237434843e-07
2,steady_state,14,1795.3444914983118,0.03584192879356158,-0.12278810668794904,0.12278810668794904,1.0,0.9999999999999999,0.9999999999999999,0,0,0,7.911870764707083e-05,0.0002411213130370125,5.4372885310074425e-06,9.557131013484406e-07
2,steady_state,15,1803.281569900269,0.03584192879355687,-0.12278810668749429,0.12278810668749429,1.0,0.9999999999999999,0.9999999999999999,0,0,0,7.775637091928196e-05,0.00022889912315577862,5.430749529305362e-06,9.559154108624816e-07
2,steady_state,16,1814.1821185625097,0.035841928793586865,-0.12278810668772167,0.12278810668772167,1.0,1.0,1.0,0,0,0,7.596007310207295e-05,0.00021400146961382177,5.421794648220993e-06,9.561933963979187e-07
2,steady_state,17,1828.6849115681373,0.03584192879357408,-0.12278810668772167,0.12278810668772167,1.0,1.0,0.9999999999999999,0,0,0,7.369499266225443e-05,0.0001969474270328197,5.409926179777833e-06,9.56563497014396e-07
2,steady_state,18,1795.185832708771,0.03584192879355536,-0.12278810668772167,0.12278810668772167,1.0,1.0,1.0,0,0,0,7.914642701111458e-05,0.0002413789497544657,5.437419403380902e-06,9.557090581488851e-07
2,steady_state,19,1826.3822896573315,0.03584192879355463,-0.12278810668772167,0.12278810668772167,1.0,0.9999999999999999,0.9999999999999998,0,0,0,7.40455574140835e-05,0.00019947126761451275,5.411807076310149e-06,9.565047166616143e-07
3,steady_state,0,1819.3516358182258,0.035841928793584436,-0.12278810668794904,0.12278810668794904,1.0,1.0,0.9999999999999998,0,0,0,7.513688857700315e-05,0.00020759394827258548,5.41755816721407e-06,9.5632528581662e-07
3,steady_state,1,1810.1204535502786,0.03584192879354913,-0.12278810668726692,0.12278810668726692,0.9999999999999998,1.0,1.0,0,0,0,7.66196083809009e-05,0.0002193202017867815,5.425127881991989e-06,9.560897970007399e-07
3,steady_state,2,1822.3578749696017,0.03584192879358968,-0.12278810668772167,0.12278810668772167,0.9999999999999999,1.0,0.9999999999999999,0,0,0,7.466633379831148e-05,0.00020404119779071482,5.415097561523686e-06,9.564020004576906e-07
3,steady_state,3,1833.3729338886403,0.03584192879354242,-0.12278810668749429,0.12278810668749429,1.0,0.9999999999999999,0.9999999999999999,0,0,0,7.299142138903608e-05,0.0001920014386452591,5.406100806878389e-06,9.566831931856847e-07
3,steady_state,4,1805.9291022231191,0.035841928793582487,-0.12278810668772167,0.12278810668772167,1.0,1.0,0.9999999999999998,0,0,0,7.731231815641341e-05,0.0002250932311336058,5.428571843300843e-06,9.559829133061226e-07
3,steady_state,5,1807.624681808728,0.03584192879355443,-0.12278810668772167,0.12278810668772167,1.0,1.0,1.0,0,0,0,7.703058452359393e-05,0.00022272157602672466,5.427178088195789e-06,9.560261494234643e-07
3,steady_state,6,1818.926706190587,0.035841928793554335,-0.12278810668749429,0.12278810668749429,1.0,0.9999999999999999,1.0,0,0,0,7.520387998329815e-05,0.00020810613132584777,5.417906152348263e-06,9.563144432635402e-07
3,steady_state,7,1795.481076021481,0.03584192879356129,-0.12278810668772167,0.12278810668772167,0.9999999999999999,0.9999999999999999,1.0,0,0,0,7.909486043754792e-05,0.00024089996154750222,5.437175872010909e-06,9.557165820473966e-07
3,steady_state,8,1810.7440515752542,0.03584192879355283,-0.12278810668749429,0.12278810668749429,0.9999999999999999,1.0,1.0,0,0,0,7.651760497944294e-05,0.00021848648877333956,5.42461585562638e-06,9.561057014278654e-07
3,steady_state,9,1822.657257207256,0.035841928793590265,-0.12278810668772167,0.12278810668772167,1.0,0.9999999999999999,0.9999999999999999,0,0,0,7.461979517438394e-05,0.00020369403686564517,5.414852639649424e-06,9.564096409180343e-07
3,steady_state,10,1802.9159648635027,0.03584192879355477,-0.12278810668772167,0.12278810668772167,1.0,1.0,0.9999999999999999,0,0,0,7.781809254570289e-05,0.0002294348263889928,5.431050389279828e-06,9.559060900231643e-07
3,steady_state,11,1800.33051641482,0.035841928793557395,-0.12278810668772167,0.12278810668772167,1.0,0.9999999999999999,1.0,0,0,0,7.825738162243976e-05,0.0002332959260002094,5.433178931888041e-06,9.558401809651617e-07
3,steady_state,12,1803.0415122534866,0.03584192879355424,-0.12278810668749429,0.12278810668749429,1.0,1.0,0.9999999999999999,0,0,0,7.779688652829209e-05,0.0002292505854618842,5.4309470713368634e-06,9.559092907412388e-07
3,steady_state,13,1810.5867724273621,0.035841928793591576,-0.12278810668794904,0.12278810668794904,0.9999999999999999,0.9999999999999999,1.0,0,0,0,7.654330588099686e-05,0.0002186961632289386,5.424744985903148e-06,9.561016900879168e-07
3,steady_state,14,1803.469201164421,0.03584192879357398,-0.12278810668772167,0.12278810668772167,1.0,1.0,0.9999999999999998,0,0,0,7.772473291699274e-05,0.00022862516641204415,5.430595138634895e-06,9.559201944675916e-07
3,steady_state,15,1825.6386628089645,0.03584192879356358,-0.12278810668772167,0.12278810668772167,1.0,1.0,1.0,0,0,0,7.415948513288195e-05,0.00020030021209749868,5.4124147872682244e-06,9.56485735217127e-07
3,steady_state,16,1817.915428862474,0.03584192879355191,-0.12278810668772167,0.12278810668772167,0.9999999999999999,0.9999999999999998,1.0,0,0,0,7.536379229065666e-05,0.0002093352850806875,5.418734491614924e-06,9.562886403493818e-07
3,steady_state,17,1812.1706010394685,0.03584192879355895,-0.12278810668772167,0.12278810668772167,1.0,1.0,0.9999999999999999,0,0,0,7.628527911064096e-05,0.00021660290764813364,5.423444902028658e-06,9.561420865568132e-07
3,steady_state,18,1797.0966363914947,0.0358419287935592,-0.12278810668772167,0.12278810668772167,1.0,0.9999999999999999,0.9999999999999999,0,0,0,7.881387567637746e-05,0.00023831225558512627,5.435843663643973e-06,9.557577547005372e-07
3,steady_state,19,1796.433028758722,0.03584192879359007,-0.12278810668772167,0.12278810668772167,1.0,1.0,1.0,0,0,0,7.892905103303431e-05,0.00023936842415123603,5.436390802575894e-06,9.557408421865615e-07
4,steady_state,0,1825.8331922813575,0.035841928793559345,-0.12278810668772167,0.12278810668772167,1.0,1.0,1.0,0,0,0,7.412964830272244e-05,0.0002000826992153815,5.412255799609919e-06,9.564907006019232e-07
4,steady_state,1,1817.4270357190194,0.03584192879355152,-0.12278810668749429,0.12278810668749429,1.0,1.0,1.0,0,0,0,7.544126520491074e-05,0.00020993411520956628,5.419134626115585e-06,9.562761794120349e-07
4,steady_state,2,1824.270058293974,0.03584192879356387,-0.12278810668772167,0.12278810668772167,1.0,1.0,1.0,0,0,0,7.43700818325943e-05,0.00020184398644405543,5.413533602838175e-06,9.564508028702788e-07
4,steady_state,3,1806.4933756572234,0.03584192879356596,-0.12278810668794904,0.12278810668794904,1.0,1.0,0.9999999999999999,0,0,0,7.721833125344448e-05,0.00022429837816559096,5.428107934823873e-06,9.559973014542471e-07
4,steady_state,4,1830.9778759874062,0.03584192879355706,-0.12278810668772167,0.12278810668772167,0.9999999999999999,1.0,0.9999999999999999,0,0,0,7.334918135152637e-05,0.00019449684739446753,5.408054470733843e-06,9.566220380100648e-07
4,steady_state,5,1801.4963136075291,0.035841928793555355,-0.12278810668749429,0.12278810668749429,1.0,1.0,1.0,0,0,0,7.805869061700567e-05,0.00023153896197446346,5.4322189502803296e-06,9.558698987071189e-07
4,steady_state,6,1796.2481567778673,0.03584192879357403,-0.12278810668772167,0.12278810668772167,1.0,1.0,0.9999999999999998,0,0,0,7.896119728376924e-05,0.0002396643275677896,5.4365432475955745e-06,9.557361307033956e-07
4,steady_state,7,1824.058973121803,0.035841928793552684,-0.12278810668749429,0.12278810668749429,1.0,1.0,1.0,0,0,0,7.440266948922626e-05,0.00020208420942343294,5.413706203268577e-06,9.564454153515468e-07
4,steady_state,8,1829.337482067725,0.03584192879360067,-0.12278810668772167,0.12278810668772167,1.0,1.0,1.0,0,0,0,7.359624434653199e-05,0.00019624373573829472,5.409393365361984e-06,9.565801568725004e-07
4,steady_state,9,1822.0198627657985,0.035841928793562454,-0.12278810668749429,0.12278810668749429,1.0,1.0,1.0,0,0,0,7.471894722396077e-05,0.00020443457865278132,5.415374112866801e-06,9.563933742989065e-07
4,steady_state,10,1817.6215651914122,0.03584192879356061,-0.12278810668772167,0.12278810668772167,0.9999999999999999,0.9999999999999999,0.9999999999999999,0,0,0,7.54103882704154e-05,0.00020969518805011254,5.418975243426281e-06,9.56281142644143e-07
4,steady_state,11,1796.8938290692136,0.0358419287935716,-0.12278810668772167,0.12278810668772167,1.0,1.0,0.9999999999999999,0,0,0,7.884903911582555e-05,0.0002386340444689886,5.436010864906925e-06,9.557525859404544e-07
4,steady_state,12,1827.498419750706,0.035841928793577435,-0.12278810668772167,0.12278810668772167,1.0,1.0,1.0,0,0,0,7.387521562138382e-05,0.0001982398798935427,5.410895202216036e-06,9.565332078590428e-07
4,steady_state,13,1812.5362060762354,0.03584192879356129,-0.12278810668772167,0.12278810668772167,1.0,1.0,1.0,0,0,0,7.622596412042194e-05,0.00021612538841712196,5.423144884087951e-06,9.56151412006928e-07
4,steady_state,14,1812.3858251365843,0.03584192879359372,-0.12278810668772167,0.12278810668772167,1.0,0.9999999999999999,1.0,0,0,0,7.625035043609548e-05,0.00021632154685216542,5.423268283664811e-06,9.561475762278949e-07
4,steady_state,15,1801.3445530262297,0.03584192879357734,-0.12278810668794904,0.12278810668794904,0.9999999999999999,0.9999999999999998,0.9999999999999999,0,0,0,7.808449857816639e-05,0.0002317661794615061,5.432343899104642e-06,9.55866030011134e-07
4,steady_state,16,1796.663428913968,0.03584192879359532,-0.12278810668772167,0.12278810668772167,1.0,1.0,1.0,0,0,0,7.888902478670587e-05,0.00023900067017754633,5.436200827101986e-06,9.557467140399017e-07
4,steady_state,17,1802.2095883396364,0.03584192879355706,-0.12278810668772167,0.12278810668772167,1.0,1.0,0.9999999999999998,0,0,0,7.793762136041685e-05,0.00023047698010245343,5.4316317678669335e-06,9.55888081938931e-07
4,steady_state,18,1811.9498583757606,0.03584192879356226,-0.12278810668772167,0.12278810668772167,1.0,0.9999999999999998,1.0,0,0,0,7.632113664929965e-05,0.00021689224413953516,5.423626061011144e-06,9.56136456175838e-07
4,steady_state,19,1818.329321356927,0.03584192879356338,-0.12278810668749429,0.12278810668749429,0.9999999999999998,0.9999999999999998,0.9999999999999998,0,0,0,7.529826173163643e-05,0.00020883046981218977,5.418395440827787e-06,9.562992007121666e-07
5,steady_state,0,1795.9846452230656,0.03584192879355949,-0.12278810668772167,0.12278810668772167,0.9999999999999998,0.9999999999999998,0.9999999999999999,0,0,0,7.900706297398009e-05,0.00024008736714251135,5.436760553417824e-06,9.557294151671284e-07
5,steady_state,1,1813.388824614808,0.03584192879359212,-0.12278810668772167,0.12278810668772167,1.0,1.0,1.0,0,0,0,7.60879948194833e-05,0.0002150199160952043,5.4224453485228155e-06,9.56173160375229e-07
5,steady_state,2,1811.5373455229558,0.035841928793584485,-0.12278810668772167,0.12278810668772167,1.0,1.0,0.9999999999999998,0,0,0,7.638823586161396e-05,0.00021743501887538032,5.42396463431254e-06,9.561259345984134e-07
5,steady_state,3,1801.918483951871,0.03584192879355657,-0.12278810668772167,0.12278810668772167,1.0,0.9999999999999999,0.9999999999999998,0,0,0,7.798698721607181e-05,0.00023090922135246067,5.431871395649202e-06,9.558806608589534e-07
5,steady_state,4,1795.856338549785,0.035841928793558755,-0.12278810668772167,0.12278810668772167,0.9999999999999998,1.0,1.0,0,0,0,7.902941477667112e-05,0.00024029389084898327,5.436866368297747e-06,9.557261453267757e-07
5,steady_state,5,1802.0633463249296,0.03584192879358915,-0.12278810668772167,0.12278810668772167,1.0,1.0,0.9999999999999999,0,0,0,7.796241345446523e-05,0.00023069392253080416,5.431752146951765e-06,9.558843537867093e-07
5,steady_state,6,1813.5267887796256,0.03584192879355706,-0.12278810668772167,0.12278810668772167,0.9999999999999999,1.0,0.9999999999999999,0,0,0,7.606571662329133e-05,0.00021484209920988274,5.42233217204647e-06,9.561766796239247e-07
5,steady_state,7,1811.696004312496,0.03584192879357082,-0.12278810668772167,0.12278810668772167,0.9999999999999999,0.9999999999999999,0.9999999999999999,0,0,0,7.636241451447788e-05,0.00021722593817996428,5.423834408808962e-06,9.561299813277628e-07
5,steady_state,8,1801.685324513329,0.03584192879356387,-0.12278810668772167,0.12278810668772167,1.0,1.0,1.0,0,0,0,7.802657181939991e-05,0.0002312565951304823,5.432063340265064e-06,9.558747170119596e-07
5,steady_state,9,1800.8878916406836,0.035841928793566104,-0.12278810668794904,0.12278810668794904,1.0,1.0,1.0,0,0,0,7.81622601180156e-05,0.00023245259543072089,5.432719916116639e-06,9.558543889783156e-07
5,steady_state,10,1817.246302663109,0.035841928793593866,-0.12278810668794904,0.12278810668794904,1.0,1.0,0.9999999999999998,0,0,0,7.546997495341851e-05,0.0002101565856129126,5.419282713468122e-06,9.562715682561847e-07
5,steady_state,11,1813.1929155007667,0.035841928793553364,-0.12278810668749429,0.12278810668749429,1.0,1.0,1.0,0,0,0,7.611965228936555e-05,0.00021527292241096645,5.422606067261065e-06,9.561681630846733e-07
5,steady_state,12,1825.9739157294712,0.03584192879358205,-0.12278810668772167,0.12278810668772167,1.0,0.9999999999999999,1.0,0,0,0,7.410807917454945e-05,0.0001999256437203892,5.412140793069585e-06,9.564942926229342e-07
5,steady_state,13,1821.8584446929615,0.035841928793577574,-0.12278810668749429,0.12278810668749429,0.9999999999999999,1.0,1.0,0,0,0,7.47440989874146e-05,0.00020462297372226518,5.415506190199478e-06,9.563892549117503e-07
5,steady_state,14,1814.89263401132,0.035841928793576845,-0.12278810668772167,0.12278810668772167,1.0,1.0,1.0,0,0,0,7.584586433806682e-05,0.00021309745143424172,5.421211979626314e-06,9.562115215496412e-07
5,steady_state,15,1820.0842255334073,0.03584192879357724,-0.12278810668772167,0.12278810668772167,1.0,1.0,1.0,0,0,0,7.502167347752993e-05,0.00020671682635696378,5.416958336737153e-06,9.563439792576884e-07
5,steady_state,16,1830.322546204523,0.035841928793566784,-0.12278810668772167,0.12278810668772167,1.0,1.0,1.0,0,0,0,7.34476826378679e-05,0.00019519097743187015,5.4085892734315766e-06,9.566053062544043e-07
5,steady_state,17,1805.755267375449,0.03584192879356508,-0.12278810668772167,0.12278810668772167,1.0,1.0,1.0,0,0,0,7.734131867317318e-05,0.00022533923658027766,5.428714774835731e-06,9.55978480857213e-07
5,steady_state,18,1805.1730585999185,0.035841928793595615,-0.12278810668794904,0.12278810668794904,1.0,1.0,1.0,0,0,0,7.743860604555966e-05,0.0002261670902988481,5.429193536894137e-06,9.55963635964658e-07
5,steady_state,19,1804.5811923328513,0.03584192879356231,-0.12278810668772167,0.12278810668772167,1.0,0.9999999999999999,1.0,0,0,0,7.753775838916794e-05,0.000227014934502236,5.429680327059193e-06,9.559485453059115e-07
6,steady_state,0,1832.0926264391326,0.035841928793560365,-0.12278810668749429,0.12278810668749429,1.0,1.0,0.9999999999999999,0,0,0,7.318223105269139e-05,0.00019332736903120753,5.407144986114733e-06,9.566505009659516e-07
6,steady_state,1,1798.6376961125081,0.03584192879355988,-0.12278810668794904,0.12278810668794904,1.0,1.0,1.0,0,0,0,7.854770251195637e-05,0.00023589516176818347,5.434573497532602e-06,9.55797031995253e-07
6,steady_state,2,1832.4609907591957,0.03584192879357023,-0.12278810668772167,0.12278810668772167,1.0,1.0,1.0,0,0,0,7.312723000614242e-05,0.0001929440054831723,5.406844518214567e-06,9.566599068061741e-07
6,steady_state,3,1808.4000404150029,0.035841928793561434,-0.12278810668794904,0.12278810668794904,0.9999999999999999,0.9999999999999998,0.9999999999999998,0,0,0,7.690243572827615e-05,0.00022165363226613497,5.426540987028522e-06,9.560459218418936e-07
6,steady_state,4,1815.8639017316364,0.03584192879356761,-0.12278810668772167,0.12278810668772167,0.9999999999999999,1.0,0.9999999999999998,0,0,0,7.569029654370984e-05,0.00021187395302809902,5.420415679908536e-06,9.562362995862668e-07
6,steady_state,5,1824.6922286383156,0.035841928793595226,-0.12278810668772167,0.12278810668772167,1.0,1.0,0.9999999999999997,0,0,0,7.430499208287715e-05,0.0002013652497789634,5.413188434991129e-06,9.564615781003533e-07
6,steady_state,6,1815.1423491496398,0.035841928793573494,-0.12278810668772167,0.12278810668772167,1.0,1.0,1.0,0,0,0,7.580580646594101e-05,0.00021278153974092147,5.421007226815902e-06,9.562178919221432e-07
6,steady_state,7,1809.0084623818486,0.03584192879359416,-0.12278810668772167,0.12278810668772167,1.0,1.0,1.0,0,0,0,7.680217585937672e-05,0.00022082276393308782,5.426041160064746e-06,9.560614377860242e-07
6,steady_state,8,1809.565837607712,0.03584192879358794,-0.12278810668772167,0.12278810668772167,1.0,1.0,0.9999999999999999,0,0,0,7.671055698558504e-05,0.00022006705394954232,5.425583349494755e-06,9.56075652370515e-07
6,steady_state,9,1815.454148162128,0.035841928793591146,-0.12278810668772167,0.12278810668772167,1.0,1.0,1.0,0,0,0,7.575584881564758e-05,0.0002123883989554683,5.420751590317709e-06,9.562258461977826e-07
6,steady_state,10,1820.5795168851027,0.03584192879359348,-0.12278810668749429,0.12278810668749429,0.9999999999999999,0.9999999999999999,0.9999999999999999,0,0,0,7.494397851452646e-05,0.0002061280068290177,5.416552876893237e-06,9.563566179901986e-07
6,steady_state,11,1823.2615402491572,0.035841928793556965,-0.12278810668749429,0.12278810668749429,0.9999999999999999,1.0,1.0,0,0,0,7.452603657482174e-05,0.00020299690207072825,5.414358348683061e-06,9.56425063032422e-07
6,steady_state,12,1814.5946314153139,0.03584192879355905,-0.12278810668749429,0.12278810668749429,0.9999999999999999,0.9999999999999999,1.0,0,0,0,7.589372364895777e-05,0.00021347568088131173,5.421456345765509e-06,9.562039194593805e-07
6,steady_state,13,1821.3659126245627,0.035841928793588225,-0.12278810668772167,0.12278810668772167,1.0,1.0,1.0,0,0,0,7.482094887958412e-05,0.00020519997241545633,5.415909235237609e-06,9.56376685739514e-07
6,steady_state,14,1819.9145296106817,0.03584192879357432,-0.12278810668772167,0.12278810668772167,1.0,1.0,1.0,0,0,0,7.504833026541433e-05,0.0002069193412425281,5.41709726869279e-06,9.56339649081463e-07
6,steady_state,15,1835.0395409996372,0.03584192879357403,-0.12278810668772167,0.12278810668772167,1.0,1.0,1.0,0,0,0,7.27445254232838e-05,0.00019030244905464917,5.404742177562125e-06,9.56725752779353e-07
6,steady_state,16,1826.8955163504534,0.035841928793559054,-0.12278810668749429,0.12278810668749429,1.0,0.9999999999999998,1.0,0,0,0,7.396713221113072e-05,0.00019890314789047366,5.411387733857522e-06,9.565178174706966e-07
6,steady_state,17,1824.83295208643,0.03584192879355857,-0.12278810668794904,0.12278810668794904,1.0,0.9999999999999998,1.0,0,0,0,7.428332081114503e-05,0.00020120617514748814,5.413073388823931e-06,9.564651698995918e-07
6,steady_state,18,1808.2110295092027,0.03584192879356557,-0.12278810668749429,0.12278810668749429,1.0,0.9999999999999999,0.9999999999999998,0,0,0,7.693363553057805e-05,0.00022191302220769232,5.426696280817847e-06,9.560411017968396e-07
6,steady_state,19,1819.486840699747,0.03584192879354981,-0.12278810668726692,0.12278810668726692,1.0,1.0,1.0,0,0,0,7.511559815173272e-05,0.00020743150923215297,5.417447454039291e-06,9.563287357706414e-07
7,steady_state,0,1820.2484028895399,0.03584192879355463,-0.12278810668772167,0.12278810668772167,0.9999999999999998,0.9999999999999999,0.9999999999999999,0,0,0,7.499590159379419e-05,0.00020652127424541981,5.416823929664586e-06,9.563481686661443e-07
7,steady_state,1,1832.258183436914,0.03584192879355876,-0.12278810668749429,0.12278810668749429,0.9999999999999999,1.0,1.0,0,0,0,7.315750124847543e-05,0.000193154882495032,5.407009940239866e-06,9.566547282864271e-07
7,steady_state,2,1799.8504011212551,0.03584192879355142,-0.12278810668772167,0.12278810668772167,1.0,1.0,1.0,0,0,0,7.833950376975692e-05,0.0002340272802812262,5.4335743839120765e-06,9.558279427122244e-07
7,steady_state,3,1799.9773281528874,0.035841928793553024,-0.12278810668772167,0.12278810668772167,0.9999999999999999,1.0,1.0,0,0,0,7.831777656204354e-05,0.00023383348823660953,5.433469833519587e-06,9.558311780884212e-07
7,steady_state,4,1815.6376405013352,0.03584192879355579,-0.12278810668749429,0.12278810668749429,0.9999999999999999,0.9999999999999998,0.9999999999999999,0,0,0,7.572647972487904e-05,0.0002121577156391637,5.420601160630978e-06,9.56230527307765e-07
7,steady_state,5,1816.0335976543615,0.035841928793560074,-0.12278810668772167,0.12278810668772167,0.9999999999999999,1.0,1.0,0,0,0,7.56631818412951e-05,0.00021166162870994216,5.420276577679914e-06,9.562406288426725e-07
7,steady_state,6,1833.770270683315,0.03584192879355283,-0.12278810668772167,0.12278810668772167,1.0,1.0,1.0,0,0,0,7.293240674694344e-05,0.00019159363324989666,5.405776833244578e-06,9.566933394927677e-07
7,steady_state,7,1820.7478331661803,0.03584192879356309,-0.12278810668772167,0.12278810668772167,0.9999999999999999,0.9999999999999998,0.9999999999999998,0,0,0,7.491761183601466e-05,0.00020592866952893397,5.416415102126422e-06,9.56360913113044e-07
7,steady_state,8,1799.4999721426177,0.03584192879359012,-0.12278810668772167,0.12278810668772167,1.0,1.0,1.0,0,0,0,7.839955239092442e-05,0.0002345639862922375,5.433863054772303e-06,9.558190104052806e-07
7,steady_state,9,1830.0880071243325,0.0358419287935857,-0.12278810668772167,0.12278810668772167,1.0,1.0,1.0,0,0,0,7.348300004577743e-05,0.0001954406083589392,5.408780702207365e-06,9.565993181800834e-07
7,steady_state,10,1799.6531123655661,0.03584192879356017,-0.12278810668772167,0.12278810668772167,1.0,1.0,1.0,0,0,0,7.837329935000792e-05,0.0002343291390131986,5.433736899551961e-06,9.558229138803957e-07
7,steady_state,11,1833.2142750991004,0.03584192879359075,-0.12278810668772167,0.12278810668772167,1.0,1.0,1.0,0,0,0,7.301501295401196e-05,0.00019216476301893676,5.406230182198753e-06,9.566791417675018e-07
7,steady_state,12,1825.004027650804,0.03584192879357675,-0.12278810668772167,0.12278810668772167,0.9999999999999999,1.0,0.9999999999999999,0,0,0,7.425699236220953e-05,0.00020101312846757823,5.412933535365462e-06,9.564695364411279e-07
7,steady_state,13,1804.16592019675,0.03584192879357471,-0.12278810668772167,0.12278810668772167,0.9999999999999998,0.9999999999999999,1.0,0,0,0,7.760747852651304e-05,0.0002276136135809047,5.430021926587977e-06,9.559379575128236e-07
7,steady_state,14,1810.4460489792482,0.03584192879356498,-0.12278810668794904,0.12278810668794904,0.9999999999999999,1.0,0.9999999999999999,0,0,0,7.656631606344327e-05,0.00021888410810513926,5.424860528734654e-06,9.560981010267974e-07
7,steady_state,15,1819.6730923222508,0.035841928793558325,-0.12278810668772167,0.12278810668772167,1.0,1.0,0.9999999999999999,0,0,0,7.508628925546572e-05,0.00020720815701537971,5.417294948406156e-06,9.563334883164077e-07
7,steady_state,16,1822.5303301756235,0.0358419287935608,-0.12278810668772167,0.12278810668772167,0.9999999999999999,0.9999999999999999,1.0,0,0,0,7.46395187493144e-05,0.00020384107594307763,5.414956474789969e-06,9.564064016359065e-07
7,steady_state,17,1813.0687477524311,0.03584192879356751,-0.12278810668772167,0.12278810668772167,1.0,0.9999999999999998,0.9999999999999999,0,0,0,7.613973052582731e-05,0.00021543358703133702,5.422707936192533e-06,9.561649958201808e-07
7,steady_state,18,1809.4375309344316,0.03584192879355579,-0.12278810668749429,0.12278810668749429,1.0,1.0,1.0,0,0,0,7.673162809593813e-05,0.00022024055823288385,5.425688729737846e-06,9.560723801605433e-07
7,steady_state,19,1834.37179444192,0.03584192879356012,-0.12278810668749429,0.12278810668749429,1.0,0.9999999999999999,1.0,0,0,0,7.284324650227793e-05,0.00019097954703988055,5.405286447044181e-06,9.567087002967566e-07
8,steady_state,0,1806.692044054561,0.03584192879358594,-0.12278810668772167,0.12278810668772167,1.0,1.0,1.0,0,0,0,7.718529487786454e-05,0.00022401986221338524,5.427944621620726e-06,9.5600236731078e-07
8,steady_state,1,1801.1845145950415,0.03584192879355687,-0.12278810668749429,0.12278810668749429,0.9999999999999999,0.9999999999999999,1.0,0,0,0,7.811173273979496e-05,0.00023200627423394018,5.432475669534669e-06,9.558619503421137e-07
8,steady_state,2,1804.3425143277163,0.0358419287935697,-0.12278810668772167,0.12278810668772167,1.0,1.0,1.0,0,0,0,7.757781477949491e-05,0.00022735864034816966,5.429876656419277e-06,9.559424599370747e-07
8,steady_state,3,1801.0230965222047,0.03584192879356902,-0.12278810668749429,0.12278810668749429,1.0,1.0,1.0,0,0,0,7.813922092912705e-05,0.00023224894321226494,5.432608582389892e-06,9.558578355426668e-07
8,steady_state,4,1830.8247357644586,0.03584192879357369,-0.12278810668749429,0.12278810668749429,0.9999999999999998,1.0,0.9999999999999998,0,0,0,7.337217588337242e-05,0.00019465861221916312,5.4081794362080555e-06,9.566181280117293e-07
8,steady_state,5,1821.51905284751,0.03584192879356586,-0.12278810668749429,0.12278810668749429,1.0,0.9999999999999999,1.0,0,0,0,7.479703745169457e-05,0.00020502022117419247,5.415783912280813e-06,9.563805937675235e-07
8,steady_state,6,1806.961074175955,0.03584192879360169,-0.12278810668772167,0.12278810668772167,1.0,0.9999999999999999,0.9999999999999999,0,0,0,7.714060315128903e-05,0.00022364380585604806,5.427723483996715e-06,9.560092274122202e-07
8,steady_state,7,1821.1948370601888,0.03584192879354962,-0.12278810668749429,0.12278810668749429,1.0,1.0,1.0,0,0,0,7.484767883022638e-05,0.00020540114869618267,5.416049242504226e-06,9.563723200510183e-07
8,steady_state,8,1823.4284768885861,0.03584192879359435,-0.12278810668794904,0.12278810668794904,1.0,1.0,1.0,0,0,0,7.450017674737583e-05,0.0002028051550194496,5.414221813890756e-06,9.564293235605916e-07
8,steady_state,9,1812.798337989388,0.03584192879356985,-0.12278810668749429,0.12278810668749429,0.9999999999999999,0.9999999999999998,1.0,0,0,0,7.618349313548572e-05,0.0002157843100503831,5.422929797307054e-06,9.56158098292841e-07
8,steady_state,10,1833.931688756152,0.03584192879358419,-0.12278810668794904,0.12278810668794904,0.9999999999999999,1.0,1.0,0,0,0,7.290845929823912e-05,0.00019142845671294326,5.405645230049047e-06,9.566974614981378e-07
8,steady_state,11,1830.4812049940629,0.03584192879355283,-0.12278810668749429,0.12278810668749429,1.0,1.0,1.0,0,0,0,7.342381069413151e-05,0.0001950224707383121,5.4084597851783395e-06,9.566093570527287e-07
8,steady_state,12,1831.8153184678497,0.03584192879357505,-0.12278810668772167,0.12278810668772167,0.9999999999999998,1.0,0.9999999999999998,0,0,0,7.322369095199591e-05,0.0001936169751628303,5.407371203077396e-06,9.56643420294631e-07
8,steady_state,13,1807.2452803554795,0.03584192879358093,-0.12278810668772167,0.12278810668772167,1.0,0.9999999999999999,0.9999999999999999,0,0,0,7.709344653489912e-05,0.00022324790502784437,5.427489891495567e-06,9.560164746141985e-07
8,steady_state,14,1800.1401258673716,0.03584192879355896,-0.12278810668749429,0.12278810668749429,1.0,1.0,1.0,0,0,0,7.828992669239737e-05,0.00023358539819609664,5.433335742177497e-06,9.558353278323496e-07
8,steady_state,15,1807.0962790574763,0.03584192879356999,-0.12278810668772167,0.12278810668772167,1.0,0.9999999999999999,0.9999999999999997,0,0,0,7.711816222905491e-05,0.0002234552897270346,5.427612354958221e-06,9.5601267509754e-07
8,steady_state,16,1822.9221484037057,0.03584192879358419,-0.12278810668794904,0.12278810668794904,0.9999999999999999,1.0,1.0,0,0,0,7.457866648994654e-05,0.000203387854986905,5.414635953044404e-06,9.564164012307978e-07
8,steady_state,17,1823.1125389511542,0.035841928793566104,-0.12278810668772167,0.12278810668772167,1.0,1.0,1.0,0,0,0,7.454913324127231e-05,0.00020316835470131743,5.414480220259163e-06,9.564212602678616e-07
8,steady_state,18,1812.667272032812,0.03584192879357831,-0.12278810668772167,0.12278810668772167,1.0,1.0,0.9999999999999999,0,0,0,7.620472271039949e-05,0.00021595471455923876,5.423037338554871e-06,9.561547551364514e-07
8,steady_state,19,1821.052733970427,0.03584192879358161,-0.12278810668772167,0.12278810668772167,1.0,0.9999999999999999,1.0,0,0,0,7.486989645956007e-05,0.00020556855495824407,5.416165544364987e-06,9.563686937502742e-07
9,steady_state,0,1829.136054387091,0.035841928793575874,-0.12278810668772167,0.12278810668772167,1.0,1.0,0.9999999999999999,0,0,0,7.362669655171938e-05,0.0001964604056560125,5.409557816962924e-06,9.56575014444852e-07
9,steady_state,1,1797.2635730309246,0.03584192879356386,-0.12278810668772167,0.12278810668772167,0.9999999999999999,0.9999999999999999,0.9999999999999999,0,0,0,7.878495514488664e-05,0.00023804803219115134,5.435706043118309e-06,9.557620092781986e-07
9,steady_state,2,1811.167601561244,0.03584192879357408,-0.12278810668772167,0.12278810668772167,0.9999999999999999,0.9999999999999997,1.0,0,0,0,7.644847864720156e-05,0.00021792383321469943,5.42426814061318e-06,9.561165040718553e-07
9,steady_state,3,1804.8391853210603,0.03584192879354962,-0.12278810668749429,0.12278810668749429,1.0,1.0,1.0,0,0,0,7.749450693728063e-05,0.00022664458113394838,5.429468125752138e-06,9.55955123229933e-07
9,steady_state,4,1816.3191834755346,0.03584192879356499,-0.12278810668749429,0.12278810668749429,0.9999999999999998,0.9999999999999999,0.9999999999999999,0,0,0,7.561759361217426e-05,0.00021130526151896218,5.420042494932004e-06,9.562479147185764e-07
9,steady_state,5,1803.6237210290167,0.035841928793598925,-0.12278810668772167,0.12278810668772167,0.9999999999999999,1.0,1.0,0,0,0,7.76986974169866e-05,0.00022840004688403807,5.4304679999817955e-06,9.559241339324162e-07
9,steady_state,6,1827.6957085063952,0.03584192879355278,-0.12278810668772167,0.12278810668772167,1.0,1.0,1.0,0,0,0,7.384518724032513e-05,0.00019802379750509408,5.4107340500036086e-06,9.56538244178672e-07
9,steady_state,7,1814.7601884130952,0.03584192879356571,-0.12278810668772167,0.12278810668772167,1.0,1.0,1.0,0,0,0,7.586712768881784e-05,0.00021326538781490101,5.421320584080684e-06,9.562081428316982e-07
9,steady_state,8,1810.309464456079,0.035841928793590945,-0.12278810668772167,0.12278810668772167,1.0,1.0,0.9999999999999999,0,0,0,7.658866270982839e-05,0.00021906683437207487,5.424972677951715e-06,9.560946175472207e-07
9,steady_state,9,1798.2651928675002,0.03584192879356411,-0.12278810668794904,0.12278810668794904,1.0,1.0,1.0,0,0,0,7.86118766935126e-05,0.00023647491449283088,5.434880466262698e-06,9.557875376396376e-07
9,steady_state,10,1832.5879177908284,0.03584192879356377,-0.12278810668772167,0.12278810668772167,1.0,1.0,1.0,0,0,0,7.310829748092724e-05,0.00019281226213669185,5.406740993944112e-06,9.56663147801596e-07
9,steady_state,11,1817.0904031568646,0.03584192879354962,-0.12278810668749429,0.12278810668749429,1.0,1.0,1.0,0,0,0,7.549475741071736e-05,0.00021034886669052432,5.419410459437642e-06,9.562675907172305e-07
9,steady_state,12,1809.8597012787732,0.03584192879355244,-0.12278810668749429,0.12278810668749429,0.9999999999999999,0.9999999999999999,0.9999999999999999,0,0,0,7.666234092329882e-05,0.00021967070136618124,5.425342010170921e-06,9.56083146871682e-07
9,steady_state,13,1827.0583140649376,0.035841928793569504,-0.12278810668726692,0.12278810668726692,0.9999999999999998,1.0,0.9999999999999998,0,0,0,7.394229009378842e-05,0.00019872361333014903,5.411254730205648e-06,9.56521973184091e-07
9,steady_state,14,1806.1457059618829,0.035841928793562405,-0.12278810668772167,0.12278810668772167,1.0,1.0,0.9999999999999998,0,0,0,7.72762130106712e-05,0.0002247874511351092,5.428393756578209e-06,9.55988436337809e-07
9,steady_state,15,1817.7567700729337,0.03584192879359586,-0.12278810668772167,0.12278810668772167,0.9999999999999998,0.9999999999999998,0.9999999999999999,0,0,0,7.5388942590089e-05,0.00020952944530515526,5.418864472315239e-06,9.56284592266709e-07
9,steady_state,16,1831.467648772509,0.03584192879355978,-0.12278810668772167,0.12278810668772167,0.9999999999999999,0.9999999999999998,0.9999999999999998,0,0,0,7.327573694218241e-05,0.00019398129157971203,5.407654845134855e-06,9.566345431850724e-07
9,steady_state,17,1805.517969011963,0.03584192879357393,-0.12278810668772167,0.12278810668772167,1.0,1.0,1.0,0,0,0,7.738094181913244e-05,0.00022567592285792996,5.428909899887109e-06,9.559724302782721e-07
9,steady_state,18,1798.4555834149485,0.035841928793572765,-0.12278810668749429,0.12278810668749429,0.9999999999999999,1.0,1.0,0,0,0,7.857906346051685e-05,0.00023617824084576437,5.4347235668042256e-06,9.557923902872525e-07
9,steady_state,19,1827.840570879454,0.03584192879356936,-0.12278810668772167,0.12278810668772167,1.0,1.0,1.0,0,0,0,7.382315396738641e-05,0.00019786543529935624,5.410615727573305e-06,9.565419422059135e-07
10,steady_state,0,1808.6594130448602,0.03584192879357432,-0.12278810668772167,0.12278810668772167,1.0,1.0,0.9999999999999998,0,0,0,7.68596625677529e-05,0.00022129866653936651,5.426327897607378e-06,9.560525362877536e-07
10,steady_state,1,1828.4959006623371,0.03584192879357106,-0.12278810668772167,0.12278810668772167,1.0,1.0,0.9999999999999999,0,0,0,7.372364369375567e-05,0.00019715218810908443,5.410080524065167e-06,9.56558671746339e-07
10,steady_state,2,1803.9437978913934,0.03584192879355876,-0.12278810668726692,0.12278810668726692,1.0,1.0,1.0,0,0,0,7.764482218586722e-05,0.00022793513529487943,5.430204660265921e-06,9.55932294359219e-07
10,steady_state,3,1831.6663171698465,0.035841928793584485,-0.12278810668772167,0.12278810668772167,1.0,1.0,1.0,0,0,0,7.324598732044635e-05,0.00019377294307028507,5.407492760316987e-06,9.566396158034227e-07
10,steady_state,4,1828.306889756537,0.035841928793580884,-0.12278810668749429,0.12278810668749429,1.0,1.0,1.0,0,0,0,7.375231701174489e-05,0.0001973573753979349,5.41023487716024e-06,9.565538465447353e-07
10,steady_state,5,1797.4167132538716,0.035841928793565174,-0.12278810668794904,0.12278810668794904,1.0,1.0,1.0,0,0,0,7.875844339957614e-05,0.00023780616018954367,5.435579802311811e-06,9.557659122862923e-07
10,steady_state,6,1797.593307384839,0.035841928793568484,-0.12278810668772167,0.12278810668772167,1.0,0.9999999999999999,1.0,0,0,0,7.872789343943266e-05,0.00023752785420895345,5.435434234613587e-06,9.55770413101566e-07
10,steady_state,7,1808.7987568513258,0.03584192879358142,-0.12278810668749429,0.12278810668749429,1.0,1.0,1.0,0,0,0,7.683670301137368e-05,0.0002211084359265903,5.4262134256278205e-06,9.560560898222736e-07
10,steady_state,8,1816.4530087154078,0.035841928793592555,-0.12278810668772167,0.12278810668772167,1.0,0.9999999999999999,1.0,0,0,0,7.559624990951412e-05,0.00021113868078447104,5.4199328109462415e-06,9.562513289236624e-07
10,steady_state,9,1828.836672149437,0.035841928793581904,-0.12278810668772167,0.12278810668772167,1.0,0.9999999999999998,0.9999999999999999,0,0,0,7.367200429779848e-05,0.00019678332792452785,5.4098022600828665e-06,9.565673713580997e-07
10,steady_state,10,1798.096876586423,0.03584192879356061,-0.12278810668772167,0.12278810668772167,1.0,1.0,1.0,0,0,0,7.864090832481917e-05,0.0002367378126015754,5.4350191820391795e-06,9.557832476422762e-07
10,steady_state,11,1827.9757757609752,0.03584192879355414,-0.12278810668749429,0.12278810668749429,1.0,1.0,1.0,0,0,0,7.380260143859448e-05,0.00019771785892618154,5.410505297969643e-06,9.565453937198074e-07
10,steady_state,12,1803.767203760427,0.03584192879355949,-0.12278810668749429,0.12278810668749429,0.9999999999999998,1.0,0.9999999999999999,0,0,0,7.767453720861863e-05,0.00022819140392573513,5.430349947986121e-06,9.559277920418712e-07
10,steady_state,13,1815.2996282975323,0.0358419287935663,-0.12278810668749429,0.12278810668749429,0.9999999999999998,0.9999999999999999,0.9999999999999999,0,0,0,7.578059835641109e-05,0.00021258304804068509,5.4208782744169425e-06,9.562219042366999e-07
10,steady_state,14,1828.1289159839225,0.035841928793556715,-0.12278810668749429,0.12278810668749429,0.9999999999999999,0.9999999999999999,1.0,0,0,0,7.377933637106007e-05,0.00019755097174797614,5.4103802249894515e-06,9.565493031258844e-07
10,steady_state,15,1829.784485961734,0.03584192879357694,-0.12278810668772167,0.12278810668772167,1.0,0.9999999999999999,0.9999999999999998,0,0,0,7.352875537636482e-05,0.00019576460953953063,5.409028453676889e-06,9.565915690409584e-07
10,steady_state,16,1816.1881175189576,0.03584192879358273,-0.12278810668794904,0.12278810668794904,1.0,1.0,1.0,0,0,0,7.563850892383401e-05,0.00021146866257484062,5.420149921706319e-06,9.56244570947765e-07
10,steady_state,17,1808.0013239786801,0.035841928793599945,-0.12278810668772167,0.12278810668772167,1.0,1.0,1.0,0,0,0,7.69682810083065e-05,0.0002222015238784633,5.426868587976859e-06,9.560357540704299e-07
10,steady_state,18,1799.1867934884824,0.03584192879356192,-0.12278810668749429,0.12278810668749429,1.0,0.9999999999999999,1.0,0,0,0,7.845329584279109e-05,0.0002350457282542309,5.4341210660911596e-06,9.55811027731452e-07
10,steady_state,19,1809.1422876217216,0.035841928793553024,-0.12278810668772167,0.12278810668772167,0.9999999999999999,1.0,1.0,0,0,0,7.67801582995424e-05,0.0002206408456232155,5.425931233147821e-06,9.560648506539145e-07
11,steady_state,0,1832.9176521447423,0.035841928793589925,-0.12278810668794904,0.12278810668794904,0.9999999999999999,1.0,1.0,0,0,0,7.305915985512128e-05,0.00019247085511399234,5.406472074399474e-06,9.566715674560194e-07
11,steady_state,1,1799.0405514737754,0.03584192879358735,-0.12278810668772167,0.12278810668772167,1.0,0.9999999999999999,0.9999999999999999,0,0,0,7.847841714894972e-05,0.00023527136104569394,5.4342415555502644e-06,9.558073001852637e-07
11,steady_state,2,1798.7646231441406,0.03584192879358244,-0.12278810668772167,0.12278810668772167,0.9999999999999999,1.0,1.0,0,0,0,7.852585968040164e-05,0.000235698265189217,5.434468908697847e-06,9.55800267160525e-07
11,steady_state,3,1818.4590076718557,0.03584192879357495,-0.12278810668772167,0.12278810668772167,1.0,1.0,1.0,0,0,0,7.527775226484261e-05,0.00020867279494435104,5.4182892136495455e-06,9.563025096790527e-07
11,steady_state,4,1825.2302888811046,0.03584192879360364,-0.12278810668772167,0.12278810668772167,0.9999999999999999,0.9999999999999999,0.9999999999999998,0,0,0,7.422219951686502e-05,0.000200758376897013,5.412748578985908e-06,9.564753115805337e-07
11,steady_state,5,1799.3151001617625,0.035841928793553024,-0.12278810668772167,0.12278810668772167,1.0,1.0,0.9999999999999999,0,0,0,7.843126869298336e-05,0.00023484812352728048,5.434015358041258e-06,9.558142981500578e-07
11,steady_state,6,1802.7807599819812,0.03584192879355856,-0.12278810668772167,0.12278810668772167,1.0,1.0,1.0,0,0,0,7.784094272790233e-05,0.00022963357116408375,5.4311616591402455e-06,9.559026431016113e-07
11,steady_state,7,1825.4910411526096,0.035841928793594595,-0.12278810668772167,0.12278810668772167,1.0,1.0,1.0,0,0,0,7.418214330045988e-05,0.0002004655909403974,5.412535443712712e-06,9.564819671822571e-07
11,steady_state,8,1833.0569959512077,0.03584192879355832,-0.12278810668772167,0.12278810668772167,1.0,1.0,1.0,0,0,0,7.303841443150612e-05,0.00019232694165930407,5.406358438627125e-06,9.566751256114303e-07
11,steady_state,9,1826.517494538853,0.03584192879358959,-0.12278810668772167,0.12278810668772167,1.0,1.0,0.9999999999999999,0,0,0,7.402488088085603e-05,0.00019932128703424462,5.4116965980675415e-06,9.565081679193632e-07
11,steady_state,10,1814.424935492588,0.035841928793599556,-0.12278810668772167,0.12278810668772167,1.0,1.0,1.0,0,0,0,7.592100386709304e-05,0.00021369166211594726,5.421595508553738e-06,9.561995905356294e-07
11,steady_state,11,1818.0630505188294,0.035841928793581224,-0.12278810668772167,0.12278810668772167,0.9999999999999999,1.0,1.0,0,0,0,7.534040664285935e-05,0.00020915495453529463,5.418613558633046e-06,9.56292406854604e-07
11,steady_state,12,1832.7796879799248,0.035841928793563085,-0.12278810668749429,0.12278810668749429,1.0,1.0,1.0,0,0,0,7.307971149219316e-05,0.00019261355602596803,5.406584589787844e-06,9.566680445771966e-07
11,steady_state,13,1829.4671683826537,0.03584192879355978,-0.12278810668749429,0.12278810668749429,1.0,0.9999999999999998,0.9999999999999998,0,0,0,7.357665145887755e-05,0.0001961044886527475,5.409287490848764e-06,9.565834677798767e-07
11,steady_state,14,1809.7134592640664,0.03584192879355351,-0.12278810668772167,0.12278810668772167,1.0,0.9999999999999999,1.0,0,0,0,7.66863281924853e-05,0.00021986776863349992,5.425462110625023e-06,9.560794171987387e-07
11,steady_state,15,1804.7081193644835,0.035841928793564355,-0.12278810668772167,0.12278810668772167,0.9999999999999998,0.9999999999999999,0.9999999999999997,0,0,0,7.751647356831439e-05,0.00022683257743152864,5.429575926473076e-06,9.559517814935182e-07
11,steady_state,16,1834.5870185390352,0.03584192879355687,-0.12278810668749429,0.12278810668749429,1.0,1.0,1.0,0,0,0,7.281139806076712e-05,0.00019076078323023495,5.4051110093790605e-06,9.567141964923874e-07
11,steady_state,17,1834.9001971931718,0.03584192879355215,-0.12278810668772167,0.12278810668772167,1.0,1.0,1.0,0,0,0,7.276510421007754e-05,0.00019044334759095585,5.404855745413922e-06,9.567221942553024e-07
11,steady_state,18,1827.3563166609442,0.03584192879355988,-0.12278810668794904,0.12278810668794904,1.0,1.0,1.0,0,0,0,7.389685958983053e-05,0.00019839581204621708,5.411011282845451e-06,9.565295803327751e-07
11,steady_state,19,1831.1323958520024,0.03584192879359401,-0.12278810668772167,0.12278810668772167,1.0,1.0,1.0,0,0,0,7.332599426526357e-05,0.0001943338975038674,5.407928385291302e-06,9.5662598327146e-07
12,steady_state,0,1818.1954961170543,0.03584192879356698,-0.12278810668772167,0.12278810668772167,0.9999999999999999,0.9999999999999999,1.0,0,0,0,7.531943747558465e-05,0.00020899342686084353,5.418505062607415e-06,9.56295786172712e-07
12,steady_state,1,1805.3124024063848,0.035841928793557985,-0.12278810668749429,0.12278810668749429,0.9999999999999999,1.0,1.0,0,0,0,7.741529935437155e-05,0.00022596840148299255,5.429078943974311e-06,9.559671888537802e-07
12,steady_state,2,1822.7979806553699,0.035841928793557694,-0.12278810668772167,0.12278810668772167,1.0,1.0,0.9999999999999999,0,0,0,7.459793991416686e-05,0.00020353126305218717,5.414737522732676e-06,9.564132323289029e-07
12,steady_state,3,1828.9829141641437,0.03584192879355919,-0.12278810668772167,0.12278810668772167,1.0,1.0,1.0,0,0,0,7.364986543890801e-05,0.00019662545457279571,5.4096828519293025e-06,9.565711048226745e-07
12,steady_state,4,1808.5283470882835,0.03584192879359032,-0.12278810668772167,0.12278810668772167,1.0,1.0,0.9999999999999998,0,0,0,7.688127071620287e-05,0.00022147789530494298,5.426435573683284e-06,9.560491938704298e-07
12,steady_state,5,1829.950042959515,0.03584192879355919,-0.12278810668772167,0.12278810668772167,1.0,1.0,1.0,0,0,0,7.35037908620362e-05,0.00019558774857073607,5.408893313699064e-06,9.56595795828456e-07
12,steady_state,6,1818.7818438175289,0.03584192879359022,-0.12278810668772167,0.12278810668772167,1.0,1.0,1.0,0,0,0,7.522674527478676e-05,0.000208281317332985,5.418024793871287e-06,9.56310746988746e-07
12,steady_state,7,1809.3119835444475,0.035841928793595955,-0.12278810668749429,0.12278810668749429,1.0,1.0,0.9999999999999999,0,0,0,7.675225727215314e-05,0.00022041059627062493,5.4257918476963165e-06,9.560691783420787e-07
12,steady_state,8,1831.9588011992598,0.035841928793582785,-0.12278810668772167,0.12278810668772167,1.0,0.9999999999999998,1.0,0,0,0,7.320223320057823e-05,0.00019346702096146884,5.407254153139411e-06,9.566470839221517e-07
12,steady_state,9,1826.251223700755,0.03584192879359138,-0.12278810668772167,0.12278810668772167,1.0,1.0,1.0,0,0,0,7.406561202086509e-05,0.00019961687255914672,5.411914176862477e-06,9.565013710878725e-07
12,steady_state,10,1826.739616844209,0.035841928793594255,-0.12278810668772167,0.12278810668772167,1.0,0.9999999999999999,1.0,0,0,0,7.399093734770393e-05,0.0001990753793871179,5.411515107887202e-06,9.565138378886095e-07
12,steady_state,11,1804.9895662607114,0.03584192879355083,-0.12278810668749429,0.12278810668749429,1.0,1.0,1.0,0,0,0,7.746931845057215e-05,0.00022642926364041012,5.429344443854982e-06,9.55958957470683e-07
12,steady_state,12,1825.355836271088,0.03584192879356698,-0.12278810668772167,0.12278810668772167,0.9999999999999999,0.9999999999999999,0.9999999999999999,0,0,0,7.420290779196309e-05,0.00020061729919689178,5.4126459561909525e-06,9.564785161225844e-07
12,steady_state,13,1820.45258985347,0.03584192879356985,-0.12278810668772167,0.12278810668772167,1.0,1.0,1.0,0,0,0,7.49638738614563e-05,0.0002062785821828579,5.416656777251756e-06,9.56353379071374e-07
12,steady_state,14,1798.8998280256615,0.03584192879356941,-0.12278810668772167,0.12278810668772167,1.0,0.9999999999999998,0.9999999999999998,0,0,0,7.850260567489945e-05,0.00023548888875198607,5.434357503275448e-06,9.558037133200472e-07
12,steady_state,15,1812.9445800040953,0.035841928793568484,-0.12278810668772167,0.12278810668772167,1.0,1.0,1.0,0,0,0,7.61598193572283e-05,0.00021559449164844136,5.422809808944173e-06,9.56161828579801e-07
12,steady_state,16,1823.5857560364784,0.03584192879356284,-0.12278810668772167,0.12278810668772167,1.0,1.0,1.0,0,0,0,7.447582935662143e-05,0.00020262483189142398,5.4140931841044995e-06,9.564333376613226e-07
12,steady_state,17,1796.112951896345,0.035841928793586574,-0.12278810668772167,0.12278810668772167,1.0,1.0,1.0,0,0,0,7.898472381115934e-05,0.000239881198130135,5.436654742645373e-06,9.557326850177287e-07
12,steady_state,18,1814.0579508141734,0.03584192879357038,-0.12278810668772167,0.12278810668772167,1.0,0.9999999999999999,1.0,0,0,0,7.598006723063725e-05,0.0002141602412924003,5.421896486660053e-06,9.561902289557932e-07
12,steady_state,19,1811.8229313441282,0.035841928793581904,-0.12278810668726692,0.12278810668726692,1.0,1.0,1.0,0,0,0,7.634177000217651e-05,0.00021705896290929628,5.423730232904957e-06,9.561332187462782e-07
13,steady_state,0,1819.063290713757,0.0358419287935945,-0.12278810668726692,0.12278810668726692,0.9999999999999998,0.9999999999999999,0.9999999999999999,0,0,0,7.51823340073756e-05,0.00020794122565395234,5.417794295105654e-06,9.56317928343183e-07
13,steady_state,1,1809.9866283104056,0.03584192879355293,-0.12278810668772167,0.12278810668772167,1.0,1.0,0.9999999999999999,0,0,0,7.664153394492252e-05,0.00021949994798615158,5.425237776359116e-06,9.560863839637466e-07
13,steady_state,2,1811.040674529612,0.035841928793587254,-0.12278810668794904,0.12278810668794904,1.0,1.0,1.0,0,0,0,7.646918092045698e-05,0.00021809214227637712,5.424372337178818e-06,9.561132667799711e-07
13,steady_state,3,1833.4984812786247,0.03584192879356664,-0.12278810668772167,0.12278810668772167,0.9999999999999999,0.9999999999999999,1.0,0,0,0,7.297276408306867e-05,0.00019187239598801378,5.405998436016253e-06,9.566863991222487e-07
13,steady_state,4,1815.0181814013042,0.03584192879355774,-0.12278810668772167,0.12278810668772167,1.0,1.0,1.0,0,0,0,7.582571945456031e-05,0.00021293850573773495,5.421109035674705e-06,9.562147243247953e-07
