motif_id,instance_idx,start,end,length,distance,meta_waterzumpf_cv,meta_ore_cv,meta_watermill_cv,meta_pattern_type
1,0,246941,247001,60,0.0,,,,
1,1,247011,247071,60,0.0,,,,
1,2,246951,247011,60,0.0,,,,
2,0,40222,40282,60,9.424321830774485e-08,,,,
2,1,66136,66196,60,0.4497047985168082,,,,
2,2,90231,90291,60,0.4836076880333102,,,,
2,3,89236,89296,60,0.6334917700171293,,,,
2,4,47110,47170,60,0.7803679107763805,,,,
2,5,83742,83802,60,0.8028687430988803,,,,
2,6,48065,48125,60,0.8861456406689853,,,,
2,7,110277,110337,60,0.9203487243820715,,,,
2,8,109556,109616,60,0.9915362325875984,,,,
2,9,88785,88845,60,1.1287911723976913,,,,
2,10,39571,39631,60,1.4380837194455947,,,,
2,11,154673,154733,60,1.5730841436140046,,,,
2,12,46515,46575,60,1.7840664734805394,,,,
2,13,221319,221379,60,1.8120063240656954,,,,
2,14,149863,149923,60,2.1559709764237454,,,,
2,15,11284,11344,60,2.1738576381337205,,,,
2,16,171471,171531,60,2.2369027987305117,,,,
2,17,205474,205534,60,2.4502748205950136,,,,
2,18,236950,237010,60,2.628765364116062,,,,
2,19,139827,139887,60,2.6609444048931774,,,,
2,20,261214,261274,60,2.702838412468127,,,,
2,21,245316,245376,60,2.777661730219865,,,,
2,22,97082,97142,60,2.857264636742654,,,,
2,23,80035,80095,60,2.92999079619784,,,,
2,24,224865,224925,60,2.946993661651494,,,,
2,25,242802,242862,60,2.955446189761609,,,,
2,26,101273,101333,60,3.1455598540460796,,,,
2,27,222310,222370,60,3.1472478254014105,,,,
2,28,238040,238100,60,3.1564502827735823,,,,
2,29,190049,190109,60,3.181425091660281,,,,
2,30,243317,243377,60,3.231273638675443,,,,
2,31,107774,107834,60,3.2872119242506717,,,,
2,32,99767,99827,60,3.334658816031632,,,,
2,33,186349,186409,60,3.3512669380086515,,,,
2,34,257022,257082,60,3.386075973034804,,,,
2,35,52533,52593,60,3.4241528382677338,,,,
2,36,238370,238430,60,3.427370064674348,,,,
2,37,225765,225825,60,3.4399683442837836,,,,
2,38,91214,91274,60,3.440791452461744,,,,
2,39,52630,52690,60,3.4567804594652163,,,,
2,40,123296,123356,60,3.4570528548692643,,,,
2,41,22889,22949,60,3.487647271386675,,,,
2,42,226844,226904,60,3.5006395432099304,,,,
2,43,255790,255850,60,3.513249296515995,,,,
2,44,70314,70374,60,3.522521325775714,,,,
2,45,46382,46442,60,3.540632179784965,,,,
2,46,42001,42061,60,3.5600669531344513,,,,
2,47,122318,122378,60,3.563607917247543,,,,
2,48,63309,63369,60,3.5807786957192174,,,,
2,49,254127,254187,60,3.58281752421558,,,,
2,50,11815,11875,60,3.618944104201049,,,,
2,51,144035,144095,60,3.6223983150141623,,,,
2,52,179974,180034,60,3.6458598838906617,,,,
2,53,129103,129163,60,3.667787571609977,,,,
2,54,4448,4508,60,3.6685477265651887,,,,
2,55,218075,218135,60,3.7912256479934627,,,,
2,56,78142,78202,60,3.797602349072289,,,,
2,57,13323,13383,60,3.7993574218833484,,,,
2,58,547,607,60,3.8112347038690646,,,,
2,59,21671,21731,60,3.9000769201520384,,,,
2,60,247090,247150,60,3.902660517844996,,,,
2,61,232929,232989,60,3.924577607612176,,,,
2,62,242322,242382,60,3.932496804328754,,,,
2,63,126755,126815,60,3.9608244819319705,,,,
2,64,71865,71925,60,3.961450521732045,,,,
2,65,143075,143135,60,3.9759285607789865,,,,
2,66,73916,73976,60,3.977058665710119,,,,
2,67,81680,81740,60,3.977334552210857,,,,
2,68,166829,166889,60,3.997769622932216,,,,
2,69,84627,84687,60,4.018612822712799,,,,
2,70,244144,244204,60,4.020038105766855,,,,
2,71,148996,149056,60,4.042647587458371,,,,
2,72,97200,97260,60,4.060966583767466,,,,
2,73,131965,132025,60,4.061722473101479,,,,
2,74,76075,76135,60,4.06369821854921,,,,
2,75,228349,228409,60,4.07534070125448,,,,
2,76,258269,258329,60,4.093369093860843,,,,
2,77,41131,41191,60,4.10263567756879,,,,
2,78,1195,1255,60,4.133377427149983,,,,
2,79,251609,251669,60,4.14264343589261,,,,
2,80,266618,266678,60,4.1553209212124935,,,,
2,81,224925,224985,60,4.158084567090326,,,,
2,82,98526,98586,60,4.159617457443919,,,,
2,83,135772,135832,60,4.166353128691068,,,,
2,84,78243,78303,60,4.166665400966066,,,,
2,85,145555,145615,60,4.1726297255676155,,,,
2,86,112354,112414,60,4.226481451134918,,,,
2,87,36253,36313,60,4.229016939288887,,,,
2,88,260659,260719,60,4.23661213253185,,,,
2,89,77153,77213,60,4.302697451506095,,,,
2,90,62708,62768,60,4.3087570981557235,,,,
2,91,137325,137385,60,4.32862111692533,,,,
2,92,249287,249347,60,4.3290996789932565,,,,
2,93,264690,264750,60,4.344712287128448,,,,
2,94,246462,246522,60,4.352964769709465,,,,
2,95,100240,100300,60,4.370837998521678,,,,
2,96,144095,144155,60,4.386188590314896,,,,
2,97,43781,43841,60,4.389377557799797,,,,
2,98,77034,77094,60,4.392934971593049,,,,
2,99,11513,11573,60,4.394732364846748,,,,
2,100,113188,113248,60,4.403150532580244,,,,
2,101,257892,257952,60,4.409225434090551,,,,
2,102,65847,65907,60,4.418818045608106,,,,
2,103,247763,247823,60,4.431205190027698,,,,
2,104,168613,168673,60,4.451268479281765,,,,
2,105,248712,248772,60,4.476074134090523,,,,
2,106,46277,46337,60,4.491183482947068,,,,
3,0,64327,64387,60,7.208220137624636e-07,,,,
3,1,67495,67555,60,0.7358234892872086,,,,
3,2,24952,25012,60,0.912275926763768,,,,
3,3,64986,65046,60,1.2950657969910433,,,,
3,4,187536,187596,60,1.602680571196125,,,,
3,5,67351,67411,60,1.9409199677750788,,,,
3,6,112203,112263,60,2.2059554223453413,,,,
3,7,134758,134818,60,2.3570472520806547,,,,
3,8,130296,130356,60,2.379620787116113,,,,
3,9,65589,65649,60,2.4169262202384503,,,,
3,10,149214,149274,60,2.4541957609957654,,,,
3,11,124670,124730,60,2.4808435532988944,,,,
3,12,135021,135081,60,2.492913142839041,,,,
3,13,196556,196616,60,2.502995929693844,,,,
3,14,82802,82862,60,2.603063535779464,,,,
3,15,43575,43635,60,2.6074419297280644,,,,
3,16,50147,50207,60,2.6599080052043402,,,,
3,17,11670,11730,60,2.681991298043722,,,,
3,18,137412,137472,60,2.719615782387244,,,,
3,19,110083,110143,60,2.796725573444177,,,,
3,20,83176,83236,60,2.8434914740120676,,,,
3,21,157389,157449,60,2.8458601930032557,,,,
3,22,151256,151316,60,2.856738905617686,,,,
3,23,44507,44567,60,2.881557670437424,,,,
3,24,122655,122715,60,2.934431192668906,,,,
3,25,134866,134926,60,2.9356020863224788,,,,
3,26,89888,89948,60,2.9658829643164957,,,,
3,27,107683,107743,60,3.0812458696525638,,,,
3,28,364,424,60,3.104105598880632,,,,
3,29,11206,11266,60,3.1161675900946726,,,,
3,30,121541,121601,60,3.132340558018383,,,,
3,31,129911,129971,60,3.1430203714364278,,,,
3,32,64237,64297,60,3.1558349973848854,,,,
3,33,189223,189283,60,3.1839217572950846,,,,
3,34,78462,78522,60,3.1943050378974394,,,,
3,35,114178,114238,60,3.2693296258607742,,,,
3,36,96882,96942,60,3.2765421847234792,,,,
3,37,40343,40403,60,3.3318050495395104,,,,
3,38,36651,36711,60,3.3657099366054775,,,,
3,39,2903,2963,60,3.3748796195966984,,,,
3,40,157458,157518,60,3.439422392136095,,,,
3,41,142094,142154,60,3.5047864775646147,,,,
3,42,51809,51869,60,3.517318314679911,,,,
3,43,123760,123820,60,3.535557073017989,,,,
3,44,176923,176983,60,3.564081240582329,,,,
3,45,180757,180817,60,3.5751241378564376,,,,
3,46,130360,130420,60,3.6851150468297926,,,,
3,47,81046,81106,60,3.7522859045637085,,,,
3,48,101759,101819,60,3.7676489573653247,,,,
3,49,150514,150574,60,3.787565681684865,,,,
3,50,12739,12799,60,3.7878456198706747,,,,
3,51,167013,167073,60,3.8257834687060814,,,,
3,52,179762,179822,60,3.8303318165263325,,,,
3,53,125174,125234,60,3.867311647314731,,,,
3,54,252976,253036,60,3.8755001166938787,,,,
3,55,72945,73005,60,3.9154041387122054,,,,
3,56,102407,102467,60,3.923434107677924,,,,
3,57,78919,78979,60,3.9537392939488143,,,,
3,58,45698,45758,60,3.9603569626194464,,,,
3,59,71333,71393,60,3.9713943894843977,,,,
3,60,185201,185261,60,3.9792680692104936,,,,
3,61,89152,89212,60,4.014650796011543,,,,
3,62,63612,63672,60,4.017183981168898,,,,
3,63,243146,243206,60,4.019961075943049,,,,
3,64,156688,156748,60,4.036212780087287,,,,
3,65,204510,204570,60,4.038802203338707,,,,
3,66,69634,69694,60,4.040141860399103,,,,
3,67,231531,231591,60,4.072875303001344,,,,
3,68,16820,16880,60,4.086404133543929,,,,
3,69,106299,106359,60,4.124157003733549,,,,
3,70,207575,207635,60,4.125564600143423,,,,
3,71,59157,59217,60,4.148447768577519,,,,
3,72,42621,42681,60,4.192614717361148,,,,
3,73,69258,69318,60,4.276920960674577,,,,
3,74,145147,145207,60,4.314838262776525,,,,
3,75,21760,21820,60,4.3661488366994075,,,,
3,76,133621,133681,60,4.38202917612748,,,,
3,77,243711,243771,60,4.382292635125503,,,,
3,78,210177,210237,60,4.386871252097601,,,,
3,79,236666,236726,60,4.398413506979195,,,,
3,80,180695,180755,60,4.414142346349522,,,,
3,81,81354,81414,60,4.476060260491081,,,,
3,82,164465,164525,60,4.476199822707607,,,,
3,83,52806,52866,60,4.477174620994231,,,,
3,84,165329,165389,60,4.482033430217286,,,,
4,0,134933,134993,60,3.4627169485754526e-07,,,,
4,1,110392,110452,60,0.9262529901384066,,,,
4,2,122488,122548,60,1.4690990549700615,,,,
4,3,130971,131031,60,1.7236502876196407,,,,
4,4,148374,148434,60,1.7936130733077587,,,,
4,5,25201,25261,60,1.9283637268002876,,,,
4,6,179543,179603,60,1.9513524924129373,,,,
4,7,138067,138127,60,2.126288052985279,,,,
4,8,43301,43361,60,2.1292667006707977,,,,
4,9,125348,125408,60,2.174098662509206,,,,
4,10,121996,122056,60,2.199673527449126,,,,
4,11,91544,91604,60,2.2122818824738872,,,,
4,12,66856,66916,60,2.2245132083341708,,,,
4,13,25658,25718,60,2.2454199841242937,,,,
4,14,84523,84583,60,2.374320903399361,,,,
4,15,167302,167362,60,2.3801912678967354,,,,
4,16,25863,25923,60,2.3939640933810913,,,,
4,17,89968,90028,60,2.4119330888262205,,,,
4,18,144391,144451,60,2.417016407026835,,,,
4,19,65069,65129,60,2.4789689196777203,,,,
4,20,65384,65444,60,2.4902351527698117,,,,
4,21,63810,63870,60,2.5541337073329444,,,,
4,22,51871,51931,60,2.5638123468194354,,,,
4,23,165598,165658,60,2.579867335144858,,,,
4,24,112543,112603,60,2.6106789862263624,,,,
4,25,123195,123255,60,2.6467979397133425,,,,
4,26,148582,148642,60,2.655916537988124,,,,
4,27,48655,48715,60,2.657675825425063,,,,
4,28,121710,121770,60,2.6647885746648705,,,,
4,29,115892,115952,60,2.6742695711037854,,,,
4,30,157627,157687,60,2.7061233183753646,,,,
4,31,126116,126176,60,2.7175402820567527,,,,
4,32,93641,93701,60,2.79354067828831,,,,
4,33,125281,125341,60,2.8067935192800526,,,,
4,34,195505,195565,60,2.832007236780528,,,,
4,35,169828,169888,60,2.8351677071436203,,,,
4,36,81558,81618,60,2.883892213178755,,,,
4,37,50056,50116,60,2.9421146448434676,,,,
4,38,69044,69104,60,2.9491718164814147,,,,
4,39,130570,130630,60,2.962558061128754,,,,
4,40,46584,46644,60,2.9831907233036774,,,,
4,41,154825,154885,60,2.990662347213446,,,,
4,42,195634,195694,60,2.9965885157566046,,,,
4,43,179606,179666,60,3.0014077614084496,,,,
4,44,159238,159298,60,3.1029638352273,,,,
4,45,190186,190246,60,3.1029833876389343,,,,
4,46,453,513,60,3.1058607295789145,,,,
4,47,2065,2125,60,3.1107406708066705,,,,
4,48,12667,12727,60,3.116883083101441,,,,
4,49,181250,181310,60,3.1310526603127955,,,,
4,50,176826,176886,60,3.1478459940227825,,,,
4,51,84854,84914,60,3.1721432532281533,,,,
4,52,175368,175428,60,3.1795952717947524,,,,
4,53,80176,80236,60,3.179928657062666,,,,
4,54,179267,179327,60,3.237852344598487,,,,
4,55,88639,88699,60,3.258649014370079,,,,
4,56,143135,143195,60,3.2942008825345566,,,,
4,57,82954,83014,60,3.3345512150654386,,,,
4,58,67616,67676,60,3.336754548155411,,,,
4,59,107022,107082,60,3.3381774960586332,,,,
4,60,45080,45140,60,3.3518690777097127,,,,
4,61,108827,108887,60,3.367149552585034,,,,
4,62,6803,6863,60,3.3690788950283195,,,,
4,63,130012,130072,60,3.3855066353667125,,,,
4,64,149284,149344,60,3.3928897905370468,,,,
4,65,189467,189527,60,3.418496439758511,,,,
4,66,268300,268360,60,3.4381903205288387,,,,
4,67,81123,81183,60,3.447639956850628,,,,
4,68,119937,119997,60,3.4681326279299087,,,,
4,69,67971,68031,60,3.479511833534898,,,,
4,70,161309,161369,60,3.4833806114378496,,,,
4,71,61984,62044,60,3.4925532415620384,,,,
4,72,65692,65752,60,3.49558323618175,,,,
4,73,48163,48223,60,3.50615265745169,,,,
4,74,15409,15469,60,3.5239630032259015,,,,
4,75,126968,127028,60,3.525826610564261,,,,
4,76,64148,64208,60,3.5465070779038874,,,,
4,77,65468,65528,60,3.5619001176259952,,,,
4,78,36954,37014,60,3.5793113089814135,,,,
4,79,52038,52098,60,3.5863537063135937,,,,
4,80,122803,122863,60,3.59019466492636,,,,
4,81,133186,133246,60,3.621569776561405,,,,
4,82,42699,42759,60,3.64210962662421,,,,
4,83,69707,69767,60,3.6507777085658444,,,,
4,84,173415,173475,60,3.6518113905931244,,,,
4,85,2331,2391,60,3.6579892189976,,,,
4,86,100660,100720,60,3.6731067700375784,,,,
4,87,123384,123444,60,3.690676331347819,,,,
4,88,25950,26010,60,3.7135804189287924,,,,
4,89,189708,189768,60,3.717115800974351,,,,
4,90,227527,227587,60,3.720741742254344,,,,
4,91,187317,187377,60,3.7690471589302095,,,,
4,92,134526,134586,60,3.7735256643671744,,,,
4,93,150976,151036,60,3.7849361293700525,,,,
4,94,64510,64570,60,3.7860708806203762,,,,
4,95,41926,41986,60,3.7862161242539862,,,,
4,96,117806,117866,60,3.8528715597361582,,,,
4,97,181013,181073,60,3.858536051188841,,,,
4,98,141918,141978,60,3.8728737945323366,,,,
4,99,24887,24947,60,3.8793583093257253,,,,
4,100,234345,234405,60,3.9073818588870735,,,,
4,101,81227,81287,60,3.913183358884717,,,,
4,102,260407,260467,60,3.914214837455005,,,,
4,103,111674,111734,60,3.921293801431806,,,,
4,104,97435,97495,60,3.9273995050178936,,,,
4,105,224154,224214,60,3.9698530365387814,,,,
4,106,152953,153013,60,3.9790125939099825,,,,
4,107,141522,141582,60,4.000072422674373,,,,
4,108,44914,44974,60,4.0098061240548395,,,,
4,109,180913,180973,60,4.017059269633215,,,,
4,110,96153,96213,60,4.021240744739404,,,,
4,111,138169,138229,60,4.036754246888845,,,,
4,112,123902,123962,60,4.038150063700679,,,,
4,113,166934,166994,60,4.0439931456716085,,,,
4,114,42912,42972,60,4.046571629132111,,,,
4,115,105667,105727,60,4.075809651154874,,,,
4,116,266161,266221,60,4.093696429890929,,,,
4,117,73015,73075,60,4.109929054936721,,,,
4,118,26446,26506,60,4.112185000674948,,,,
4,119,209885,209945,60,4.121068412938032,,,,
4,120,196028,196088,60,4.12212933317216,,,,
4,121,78987,79047,60,4.124235696986396,,,,
4,122,46442,46502,60,4.132302554831946,,,,
4,123,249714,249774,60,4.1332468025595395,,,,
4,124,46721,46781,60,4.14165083909137,,,,
4,125,47603,47663,60,4.1456432465600574,,,,
4,126,226270,226330,60,4.170938224466174,,,,
4,127,155785,155845,60,4.172784283209817,,,,
4,128,181190,181250,60,4.1766163400461975,,,,
4,129,179327,179387,60,4.178602182144027,,,,
4,130,129163,129223,60,4.180652426846871,,,,
4,131,48002,48062,60,4.194080703415819,,,,
4,132,101819,101879,60,4.194801865348496,,,,
4,133,98063,98123,60,4.2088957500343795,,,,
4,134,230373,230433,60,4.213897886119428,,,,
4,135,131791,131851,60,4.220077269333746,,,,
4,136,48549,48609,60,4.23377138142455,,,,
4,137,251423,251483,60,4.235409930064658,,,,
4,138,13560,13620,60,4.241370911053663,,,,
4,139,74131,74191,60,4.2496107500517155,,,,
4,140,168716,168776,60,4.253124990877966,,,,
4,141,68108,68168,60,4.2532840921805395,,,,
4,142,76314,76374,60,4.2588839034591075,,,,
4,143,149944,150004,60,4.265393337250157,,,,
4,144,162486,162546,60,4.274074337836489,,,,
4,145,151454,151514,60,4.27576015778411,,,,
4,146,44567,44627,60,4.284730690379028,,,,
4,147,210506,210566,60,4.287416296870608,,,,
4,148,111827,111887,60,4.291546897055631,,,,
4,149,262655,262715,60,4.296654250155509,,,,
4,150,204778,204838,60,4.309150767169649,,,,
4,151,151998,152058,60,4.330789133843912,,,,
4,152,52250,52310,60,4.351137637599,,,,
4,153,259124,259184,60,4.3650485178002025,,,,
4,154,138582,138642,60,4.371237369974508,,,,
4,155,72574,72634,60,4.374090107272884,,,,
4,156,97603,97663,60,4.377215036698677,,,,
4,157,86792,86852,60,4.385185609196756,,,,
4,158,109250,109310,60,4.392340313132985,,,,
4,159,244286,244346,60,4.418087656724693,,,,
4,160,159615,159675,60,4.43031302655779,,,,
4,161,105261,105321,60,4.4382459179944815,,,,
4,162,86920,86980,60,4.440858003350182,,,,
4,163,66598,66658,60,4.44629318159929,,,,
4,164,129614,129674,60,4.469695969810718,,,,
4,165,164602,164662,60,4.472744057151125,,,,
4,166,13242,13302,60,4.480390192813069,,,,
4,167,269059,269119,60,4.4839268041090605,,,,
4,168,121650,121710,60,4.488823790826685,,,,
5,0,150361,150421,60,9.424321830774485e-08,,,,
5,1,30740,30800,60,0.9227438071261833,,,,
5,2,245711,245771,60,1.1839126776545432,,,,
5,3,110582,110642,60,1.2121707162743236,,,,
5,4,158643,158703,60,1.2146564674120932,,,,
5,5,119509,119569,60,1.3582051990710473,,,,
5,6,104309,104369,60,1.743509680732285,,,,
5,7,188791,188851,60,3.264975256813047,,,,
5,8,59046,59106,60,4.1271748006700415,,,,
5,9,227263,227323,60,4.330044126414146,,,,
6,0,108574,108634,60,2.4934411839666234e-07,,,,
6,1,85781,85841,60,1.2678703961887463,,,,
6,2,118274,118334,60,3.0893860127691477,,,,
6,3,174557,174617,60,3.1152156256885433,,,,
6,4,197356,197416,60,3.473611560821695,,,,
6,5,208106,208166,60,3.707088026238941,,,,
6,6,53397,53457,60,3.7097257827123786,,,,
6,7,248313,248373,60,3.9291788515447923,,,,
6,8,137997,138057,60,3.961472305144512,,,,
6,9,226334,226394,60,3.9777784829204905,,,,
6,10,262587,262647,60,3.9860995628602764,,,,
6,11,203563,203623,60,3.986370592684024,,,,
6,12,129719,129779,60,4.088932141428649,,,,
6,13,125520,125580,60,4.151804717277453,,,,
6,14,196336,196396,60,4.1995229440569934,,,,
6,15,233968,234028,60,4.314013742106439,,,,
6,16,206656,206716,60,4.327389116886178,,,,
6,17,225557,225617,60,4.372590692509462,,,,
7,0,21963,22023,60,0.0,,,,
7,1,26273,26333,60,2.3903070948686373,,,,
7,2,6084,6144,60,2.5767391118268548,,,,
7,3,22388,22448,60,2.6539763542969412,,,,
7,4,178341,178401,60,3.126879256073691,,,,
7,5,52353,52413,60,3.1692227775244612,,,,
7,6,236497,236557,60,3.174017292264458,,,,
7,7,179027,179087,60,3.6256592918363224,,,,
7,8,162685,162745,60,3.9552522024233707,,,,
7,9,151846,151906,60,4.032439699632097,,,,
7,10,129509,129569,60,4.0930969742741095,,,,
7,11,109956,110016,60,4.187217910218566,,,,
7,12,169691,169751,60,4.289192736643155,,,,
7,13,222749,222809,60,4.328231991108161,,,,
7,14,99968,100028,60,4.3333953030964105,,,,
7,15,207926,207986,60,4.424670220782968,,,,
7,16,174175,174235,60,4.438837469132051,,,,
8,0,86566,86626,60,1.3493575361575808e-06,,,,
8,1,110667,110727,60,1.2079136505203376,,,,
8,2,177007,177067,60,1.526292669916228,,,,
8,3,265599,265659,60,1.6877619597942335,,,,
8,4,79841,79901,60,1.7916336600954277,,,,
8,5,49009,49069,60,1.9158551679298421,,,,
8,6,12194,12254,60,2.47321239395015,,,,
8,7,159989,160049,60,2.773570757148084,,,,
8,8,83442,83502,60,2.8315450021013544,,,,
8,9,72793,72853,60,2.8628563819824806,,,,
8,10,237603,237663,60,2.9128855315308892,,,,
8,11,228590,228650,60,2.947576252966484,,,,
8,12,133091,133151,60,3.0642611034997933,,,,
8,13,257671,257731,60,3.1257884266101272,,,,
8,14,109618,109678,60,3.1392053278386856,,,,
8,15,5292,5352,60,3.1421412201987566,,,,
8,16,236572,236632,60,3.149240374189857,,,,
8,17,229486,229546,60,3.2226161087509544,,,,
8,18,254677,254737,60,3.2393807529505634,,,,
8,19,220896,220956,60,3.2473627539131082,,,,
8,20,243441,243501,60,3.249030868044238,,,,
8,21,95912,95972,60,3.249162823420109,,,,
8,22,144258,144318,60,3.258040068958419,,,,
8,23,40009,40069,60,3.282878076794389,,,,
8,24,261335,261395,60,3.290768082552296,,,,
8,25,136835,136895,60,3.3524209856742093,,,,
8,26,123482,123542,60,3.3819997614849027,,,,
8,27,119818,119878,60,3.412670044816041,,,,
8,28,149497,149557,60,3.4156795003768807,,,,
8,29,64586,64646,60,3.448564085612776,,,,
8,30,222214,222274,60,3.4635690582844587,,,,
8,31,6463,6523,60,3.463868540199083,,,,
8,32,10229,10289,60,3.481617399681507,,,,
8,33,1404,1464,60,3.4964424822772395,,,,
8,34,269296,269356,60,3.5102888440651414,,,,
8,35,262309,262369,60,3.5284343582997835,,,,
8,36,226976,227036,60,3.5421505701133693,,,,
8,37,189594,189654,60,3.5475476086600124,,,,
8,38,52866,52926,60,3.568134351951984,,,,
8,39,239736,239796,60,3.6301433647624073,,,,
8,40,89804,89864,60,3.669143814655747,,,,
8,41,139535,139595,60,3.6773240961814384,,,,
8,42,63242,63302,60,3.7025078373413414,,,,
8,43,170993,171053,60,3.731583285491667,,,,
8,44,1018,1078,60,3.732655022033398,,,,
8,45,259378,259438,60,3.7549157726418563,,,,
8,46,212602,212662,60,3.7589742070058696,,,,
8,47,247409,247469,60,3.767824028220987,,,,
8,48,67807,67867,60,3.7830747267114564,,,,
8,49,114562,114622,60,3.7904849100556124,,,,
8,50,205660,205720,60,3.8069477833765277,,,,
8,51,261424,261484,60,3.8135857052008273,,,,
8,52,40415,40475,60,3.8162982918833253,,,,
8,53,242882,242942,60,3.820245054445283,,,,
8,54,69332,69392,60,3.8427536349559697,,,,
8,55,112270,112330,60,3.8768171615204046,,,,
8,56,106699,106759,60,3.9092305530401488,,,,
8,57,11344,11404,60,3.9107092227560565,,,,
8,58,167392,167452,60,3.9206435653452227,,,,
8,59,105947,106007,60,3.935718387288347,,,,
8,60,197489,197549,60,3.9363564235302415,,,,
8,61,208434,208494,60,3.946364576135891,,,,
8,62,156764,156824,60,3.9608474690220694,,,,
8,63,165873,165933,60,3.9622075269884527,,,,
8,64,112632,112692,60,3.9751884947687883,,,,
8,65,130086,130146,60,3.985324078140621,,,,
8,66,222428,222488,60,3.9895985233086106,,,,
8,67,90389,90449,60,3.996819623315704,,,,
8,68,107223,107283,60,4.021768473063719,,,,
8,69,257359,257419,60,4.039518010555459,,,,
8,70,178454,178514,60,4.043367465018909,,,,
8,71,80260,80320,60,4.064836000844728,,,,
8,72,166619,166679,60,4.069469563373518,,,,
8,73,227110,227170,60,4.075989924256607,,,,
8,74,32342,32402,60,4.081807885832954,,,,
8,75,108963,109023,60,4.084725772915802,,,,
8,76,123106,123166,60,4.105688211585189,,,,
8,77,126185,126245,60,4.113210287262171,,,,
8,78,248650,248710,60,4.131365297321638,,,,
8,79,221832,221892,60,4.1418180164820795,,,,
8,80,13391,13451,60,4.1616468602279575,,,,
8,81,7284,7344,60,4.164048683892626,,,,
8,82,13714,13774,60,4.211578174716256,,,,
8,83,87275,87335,60,4.213575133564295,,,,
8,84,93728,93788,60,4.218269693549856,,,,
8,85,24386,24446,60,4.246343475722315,,,,
8,86,264826,264886,60,4.251772858359319,,,,
8,87,218170,218230,60,4.267055132441133,,,,
8,88,7096,7156,60,4.295832992729247,,,,
8,89,684,744,60,4.306778491532879,,,,
8,90,234553,234613,60,4.31857417674171,,,,
8,91,110462,110522,60,4.320150222348916,,,,
8,92,194236,194296,60,4.333222734488549,,,,
8,93,234259,234319,60,4.340413949311861,,,,
8,94,123820,123880,60,4.348142380527821,,,,
8,95,172380,172440,60,4.369951454844275,,,,
8,96,106392,106452,60,4.377748439281106,,,,
8,97,65907,65967,60,4.382036854623923,,,,
8,98,259962,260022,60,4.384537914157713,,,,
8,99,219196,219256,60,4.385058966067284,,,,
8,100,242942,243002,60,4.390597913369546,,,,
8,101,147515,147575,60,4.392141946221712,,,,
8,102,106807,106867,60,4.394381795163118,,,,
8,103,168241,168301,60,4.406603680662943,,,,
8,104,261538,261598,60,4.406964719859114,,,,
8,105,226691,226751,60,4.41103397642082,,,,
8,106,150797,150857,60,4.424728851382482,,,,
8,107,93352,93412,60,4.427228489493816,,,,
8,108,84332,84392,60,4.436670038055652,,,,
8,109,171341,171401,60,4.4766239230410045,,,,
8,110,248951,249011,60,4.48490474519047,,,,
8,111,200862,200922,60,4.489686115745459,,,,
8,112,124820,124880,60,4.494425180104846,,,,
9,0,94393,94453,60,15.458071225506371,,,,
9,1,197025,197085,60,1.6440092697791298,,,,
9,2,137934,137994,60,1.8953028545162132,,,,
9,3,90778,90838,60,2.443332739560787,,,,
9,4,262438,262498,60,2.5481937584402106,,,,
9,5,160899,160959,60,2.554997911199956,,,,
9,6,252686,252746,60,2.6299716519048117,,,,
9,7,28320,28380,60,2.7032769920558164,,,,
9,8,262180,262240,60,2.7485460356217275,,,,
9,9,137845,137905,60,2.770363942520469,,,,
9,10,202536,202596,60,2.854091172354682,,,,
9,11,262766,262826,60,3.0227159149758296,,,,
9,12,266890,266950,60,3.0468440003847728,,,,
9,13,33229,33289,60,3.086848451949951,,,,
9,14,260566,260626,60,3.114506233058246,,,,
9,15,9039,9099,60,3.153626591656757,,,,
9,16,67732,67792,60,3.1946434072056,,,,
9,17,146669,146729,60,3.2165657003913037,,,,
9,18,36839,36899,60,3.2724041364592775,,,,
9,19,252412,252472,60,3.327362523642292,,,,
9,20,15560,15620,60,3.331569382737776,,,,
9,21,39293,39353,60,3.346483230438469,,,,
9,22,7021,7081,60,3.376626648681353,,,,
9,23,199096,199156,60,3.4087820413294785,,,,
9,24,127156,127216,60,3.4112579549596957,,,,
9,25,212411,212471,60,3.4391564486094497,,,,
9,26,6920,6980,60,3.442807494813326,,,,
9,27,24070,24130,60,3.458272422693518,,,,
9,28,77866,77926,60,3.4777795585708597,,,,
9,29,200263,200323,60,3.480915833523123,,,,
9,30,240464,240524,60,3.5079238545467497,,,,
9,31,269228,269288,60,3.5204971460881085,,,,
9,32,178206,178266,60,3.5757337962852764,,,,
9,33,269370,269430,60,3.594026166737434,,,,
9,34,268126,268186,60,3.673465306604489,,,,
9,35,255498,255558,60,3.6864587480146214,,,,
9,36,3014,3074,60,3.6886715136790866,,,,
9,37,18927,18987,60,3.6949244471281215,,,,
9,38,72441,72501,60,3.698880487771824,,,,
9,39,13973,14033,60,3.7005137035614863,,,,
9,40,4787,4847,60,3.7012978914176657,,,,
9,41,9154,9214,60,3.7079719843929877,,,,
9,42,8828,8888,60,3.714022569425414,,,,
9,43,14768,14828,60,3.732605452888222,,,,
9,44,6717,6777,60,3.7422367647657184,,,,
9,45,196451,196511,60,3.783991334245631,,,,
9,46,31097,31157,60,3.814385379105051,,,,
9,47,63,123,60,3.8169003805008046,,,,
9,48,235003,235063,60,3.8374993845472174,,,,
9,49,160450,160510,60,3.842001098897003,,,,
9,50,226485,226545,60,3.851625865817019,,,,
9,51,34311,34371,60,3.8621652723742783,,,,
9,52,24551,24611,60,3.892503960575001,,,,
9,53,9742,9802,60,3.8951325517792172,,,,
9,54,35457,35517,60,3.898915384756776,,,,
9,55,7488,7548,60,3.910287651587961,,,,
9,56,23792,23852,60,3.9118406157323986,,,,
9,57,17916,17976,60,3.931699633041858,,,,
9,58,212493,212553,60,3.9414233257345574,,,,
9,59,23156,23216,60,3.9436026719475348,,,,
9,60,265861,265921,60,3.9442521464257783,,,,
9,61,197132,197192,60,3.9453496734907607,,,,
9,62,132147,132207,60,3.95343274917142,,,,
9,63,266519,266579,60,3.9726423301668166,,,,
9,64,268881,268941,60,3.9770694151710764,,,,
9,65,177178,177238,60,3.9911842832222426,,,,
9,66,262973,263033,60,3.9982662894004783,,,,
9,67,234184,234244,60,3.998943913566276,,,,
9,68,33291,33351,60,4.000283120700708,,,,
9,69,14380,14440,60,4.003591314570196,,,,
9,70,3893,3953,60,4.011658564729046,,,,
9,71,7930,7990,60,4.02319502815478,,,,
9,72,22966,23026,60,4.031281136951064,,,,
9,73,38250,38310,60,4.043527109672519,,,,
9,74,266264,266324,60,4.0442227228430685,,,,
9,75,10728,10788,60,4.049448656025414,,,,
9,76,263574,263634,60,4.0506711458364695,,,,
9,77,13852,13912,60,4.060794169150717,,,,
9,78,77753,77813,60,4.077580973664985,,,,
9,79,215007,215067,60,4.083497569433535,,,,
9,80,1572,1632,60,4.098167168872665,,,,
9,81,29210,29270,60,4.100102481954866,,,,
9,82,18842,18902,60,4.104489060623321,,,,
9,83,258337,258397,60,4.107323617710103,,,,
9,84,129825,129885,60,4.1154970562553626,,,,
9,85,166098,166158,60,4.1331528494991305,,,,
9,86,16698,16758,60,4.135352325412318,,,,
9,87,142889,142949,60,4.139749872658724,,,,
9,88,8112,8172,60,4.139921152251206,,,,
9,89,197931,197991,60,4.148693960553746,,,,
9,90,18165,18225,60,4.1509552878086975,,,,
9,91,17435,17495,60,4.152940868823874,,,,
9,92,785,845,60,4.1544978953542655,,,,
9,93,272,332,60,4.157445099711791,,,,
9,94,27541,27601,60,4.161214089916823,,,,
9,95,9597,9657,60,4.163791590439333,,,,
9,96,205324,205384,60,4.165846280101723,,,,
9,97,27756,27816,60,4.170588604467183,,,,
9,98,107352,107412,60,4.173234514608432,,,,
9,99,36427,36487,60,4.173355071168627,,,,
9,100,12865,12925,60,4.175872799894016,,,,
9,101,24242,24302,60,4.177264805454636,,,,
9,102,1697,1757,60,4.177617387289983,,,,
9,103,15049,15109,60,4.179225911133194,,,,
9,104,159405,159465,60,4.1820266722800365,,,,
9,105,32594,32654,60,4.188835845084751,,,,
9,106,33986,34046,60,4.195143169124193,,,,
9,107,18363,18423,60,4.207831993192928,,,,
9,108,204590,204650,60,4.208675260536211,,,,
9,109,236740,236800,60,4.209395894186961,,,,
9,110,14674,14734,60,4.228672015558099,,,,
9,111,225257,225317,60,4.233696033006445,,,,
9,112,156857,156917,60,4.235097039917905,,,,
9,113,231049,231109,60,4.235317993474734,,,,
9,114,77958,78018,60,4.247326552970402,,,,
9,115,254981,255041,60,4.265282487590038,,,,
9,116,265083,265143,60,4.271389672980728,,,,
9,117,200143,200203,60,4.287211264183508,,,,
9,118,21531,21591,60,4.287578984796106,,,,
9,119,203931,203991,60,4.30111833983401,,,,
9,120,34251,34311,60,4.306279418466099,,,,
9,121,10403,10463,60,4.309273120495485,,,,
9,122,236308,236368,60,4.3140518781840544,,,,
9,123,32507,32567,60,4.318172864622588,,,,
9,124,38331,38391,60,4.32122265025275,,,,
9,125,35075,35135,60,4.325968201625986,,,,
9,126,110917,110977,60,4.329625247053323,,,,
9,127,164918,164978,60,4.333427357501198,,,,
9,128,113255,113315,60,4.339914920525993,,,,
9,129,253687,253747,60,4.345376319283451,,,,
9,130,136024,136084,60,4.354584975965971,,,,
9,131,126471,126531,60,4.357819868519192,,,,
9,132,259669,259729,60,4.361280859062058,,,,
9,133,102268,102328,60,4.3663459212879205,,,,
9,134,18045,18105,60,4.373530902778371,,,,
9,135,15117,15177,60,4.37931562071501,,,,
9,136,255437,255497,60,4.3799449134727295,,,,
9,137,37782,37842,60,4.383866897528249,,,,
9,138,254485,254545,60,4.387711167436263,,,,
9,139,232541,232601,60,4.3934455608852465,,,,
9,140,175914,175974,60,4.393499973751184,,,,
9,141,101991,102051,60,4.393556468292733,,,,
9,142,3169,3229,60,4.40294672680037,,,,
9,143,17022,17082,60,4.408218130234736,,,,
9,144,229960,230020,60,4.414504901455142,,,,
9,145,19059,19119,60,4.419968016446073,,,,
9,146,196868,196928,60,4.422881483841395,,,,
9,147,3445,3505,60,4.427210373944788,,,,
9,148,16383,16443,60,4.452531163888827,,,,
9,149,32975,33035,60,4.459246114529871,,,,
9,150,84075,84135,60,4.460576155941599,,,,
9,151,113967,114027,60,4.462740599716369,,,,
9,152,34771,34831,60,4.479319969907132,,,,
9,153,17498,17558,60,4.4803171792255165,,,,
9,154,35163,35223,60,4.483081193038656,,,,
9,155,21162,21222,60,4.4943032074843545,,,,
9,156,105163,105223,60,4.498429615237706,,,,
10,0,187446,187506,60,3.2558269977259223e-06,,,,
10,1,144179,144239,60,3.434195657746735,,,,
10,2,183745,183805,60,3.8506686518676596,,,,
10,3,231593,231653,60,4.121954218968371,,,,
10,4,245597,245657,60,4.174035154183618,,,,
10,5,232708,232768,60,4.232824957988991,,,,
10,6,61818,61878,60,4.334260940705237,,,,
11,0,63409,63469,60,9.518098487062044e-07,,,,
11,1,264142,264202,60,1.5284631157946047,,,,
11,2,30801,30861,60,1.6557940315659725,,,,
11,3,213235,213295,60,2.4050654219157535,,,,
12,0,101688,101748,60,9.860471165445022e-06,,,,
12,1,213653,213713,60,3.049216662090974,,,,
12,2,269629,269689,60,3.442644675854423,,,,
12,3,136932,136992,60,3.5499088417857427,,,,
12,4,127615,127675,60,3.6611873187427326,,,,
12,5,204152,204212,60,3.7146533855155295,,,,
12,6,177867,177927,60,3.7254177685543954,,,,
12,7,104059,104119,60,3.788267551988893,,,,
12,8,161071,161131,60,3.813987818745278,,,,
12,9,263166,263226,60,3.9096542058778816,,,,
12,10,109459,109519,60,3.9292712958427414,,,,
12,11,202835,202895,60,3.9763408460655056,,,,
12,12,261942,262002,60,4.003246209347608,,,,
12,13,144924,144984,60,4.115085629257397,,,,
12,14,213801,213861,60,4.1468839422777775,,,,
12,15,118449,118509,60,4.163245730067539,,,,
12,16,7598,7658,60,4.168151551405164,,,,
12,17,266817,266877,60,4.171457812527749,,,,
12,18,88288,88348,60,4.199909185598788,,,,
12,19,39874,39934,60,4.207903024927917,,,,
12,20,83942,84002,60,4.261376536982496,,,,
12,21,267636,267696,60,4.262675349301433,,,,
12,22,265334,265394,60,4.274565448332835,,,,
12,23,27828,27888,60,4.294598607325445,,,,
12,24,118543,118603,60,4.29682352441798,,,,
12,25,231154,231214,60,4.296836148537557,,,,
12,26,135431,135491,60,4.344037032889962,,,,
12,27,155068,155128,60,4.362632970162973,,,,
12,28,231403,231463,60,4.366773467078748,,,,
12,29,98242,98302,60,4.370307288923668,,,,
12,30,157960,158020,60,4.377014788756903,,,,
12,31,102918,102978,60,4.384885689847439,,,,
12,32,191366,191426,60,4.391126249545564,,,,
12,33,127716,127776,60,4.4237354110040155,,,,
12,34,24658,24718,60,4.425995612895275,,,,
12,35,124079,124139,60,4.43471550118739,,,,
12,36,210324,210384,60,4.435075970368321,,,,
12,37,89015,89075,60,4.4457136675415105,,,,
12,38,43639,43699,60,4.448206962809409,,,,
12,39,35587,35647,60,4.4519518631589605,,,,
12,40,230977,231037,60,4.469866122939735,,,,
12,41,198196,198256,60,4.482982654416909,,,,
12,42,3301,3361,60,4.487714003997848,,,,
13,0,234756,234816,60,9.279966571821481e-06,,,,
13,1,248049,248109,60,4.189695727707829,,,,
14,0,173333,173393,60,4.986882367933247e-07,,,,
14,1,41291,41351,60,3.1833438438068202,,,,
14,2,85615,85675,60,3.221493269202572,,,,
14,3,12348,12408,60,3.300728870574515,,,,
14,4,155577,155637,60,3.316336747033532,,,,
14,5,136146,136206,60,3.5442449777514913,,,,
14,6,102597,102657,60,3.547649212393477,,,,
14,7,10908,10968,60,3.5887973047384354,,,,
14,8,54105,54165,60,3.6031298914167587,,,,
14,9,111970,112030,60,3.6449110829225666,,,,
14,10,62327,62387,60,3.6849473536175346,,,,
14,11,144739,144799,60,3.702548333982775,,,,
14,12,186590,186650,60,3.763026350128208,,,,
14,13,221408,221468,60,3.907110195744481,,,,
14,14,225850,225910,60,3.9125783270113117,,,,
14,15,227420,227480,60,3.992360543650957,,,,
14,16,73846,73906,60,3.9928014327612242,,,,
14,17,82149,82209,60,4.0227263571148795,,,,
14,18,89511,89571,60,4.143786288153993,,,,
14,19,57064,57124,60,4.1742715700993855,,,,
14,20,31906,31966,60,4.232966193390547,,,,
14,21,250988,251048,60,4.245890889256675,,,,
14,22,189331,189391,60,4.284575394940598,,,,
14,23,38548,38608,60,4.341224303459805,,,,
14,24,240673,240733,60,4.343753508033346,,,,
14,25,200581,200641,60,4.3636746241492235,,,,
14,26,88176,88236,60,4.372985788890707,,,,
14,27,181922,181982,60,4.379418288999406,,,,
14,28,186813,186873,60,4.466328008776532,,,,
14,29,54767,54827,60,4.491973503566049,,,,
14,30,207697,207757,60,4.494662605047351,,,,
14,31,158548,158608,60,4.495385527463323,,,,
14,32,94788,94848,60,4.4994684343807805,,,,
15,0,242635,242695,60,9.353372351214418e-07,,,,
15,1,74047,74107,60,3.032937236750519,,,,
15,2,205861,205921,60,3.1111937316559644,,,,
15,3,154909,154969,60,3.177852674837963,,,,
15,4,115222,115282,60,3.3018567292356096,,,,
15,5,113879,113939,60,3.4338210665303253,,,,
15,6,98002,98062,60,3.451307866928461,,,,
15,7,36137,36197,60,3.585589396217875,,,,
15,8,9299,9359,60,3.6554733877478442,,,,
15,9,183683,183743,60,3.687375756483531,,,,
15,10,106908,106968,60,3.8171141963756328,,,,
15,11,37200,37260,60,3.840076544995614,,,,
15,12,37581,37641,60,3.859430943197366,,,,
15,13,37279,37339,60,3.8818475136270796,,,,
15,14,116596,116656,60,3.888399844005467,,,,
15,15,112789,112849,60,3.8913570572693406,,,,
15,16,254275,254335,60,3.972283103726398,,,,
15,17,74505,74565,60,4.048437707060741,,,,
15,18,200418,200478,60,4.0503859109294575,,,,
15,19,104892,104952,60,4.052089629471386,,,,
15,20,90690,90750,60,4.0912814765446734,,,,
15,21,203321,203381,60,4.095972787858726,,,,
15,22,148039,148099,60,4.099710173072712,,,,
15,23,68966,69026,60,4.114809109217012,,,,
15,24,140147,140207,60,4.1180267402409365,,,,
15,25,33377,33437,60,4.162105479402716,,,,
15,26,113556,113616,60,4.214615224427584,,,,
15,27,6257,6317,60,4.2802125489272145,,,,
15,28,49145,49205,60,4.281869518106283,,,,
15,29,266062,266122,60,4.282790745369011,,,,
15,30,39013,39073,60,4.2897586111469606,,,,
15,31,101085,101145,60,4.300454324603704,,,,
15,32,250008,250068,60,4.301825782734523,,,,
15,33,85451,85511,60,4.312942151425511,,,,
15,34,169099,169159,60,4.318470784452184,,,,
15,35,140702,140762,60,4.362915764879975,,,,
15,36,93952,94012,60,4.385677401059866,,,,
15,37,158231,158291,60,4.415241386860153,,,,
15,38,70819,70879,60,4.42725283438322,,,,
15,39,228144,228204,60,4.430465170634284,,,,
15,40,208716,208776,60,4.473346614024671,,,,
15,41,75566,75626,60,4.486361664090816,,,,
15,42,186492,186552,60,4.488798472061274,,,,
16,0,257102,257162,60,0.0,,,,
16,1,125828,125888,60,2.403416811831079,,,,
16,2,84914,84974,60,2.8695983182885447,,,,
16,3,226599,226659,60,2.961466769825084,,,,
16,4,216852,216912,60,3.2815924156829746,,,,
16,5,201284,201344,60,3.4008469769718563,,,,
16,6,125984,126044,60,3.565656183082143,,,,
16,7,98701,98761,60,3.6021794460829537,,,,
16,8,222818,222878,60,3.6512120898693348,,,,
16,9,146034,146094,60,3.7288085120327046,,,,
16,10,246265,246325,60,3.7393245803169246,,,,
16,11,245071,245131,60,3.780601971250539,,,,
16,12,213583,213643,60,3.857557605795428,,,,
16,13,140207,140267,60,3.8656904528397047,,,,
16,14,139247,139307,60,3.9045286005989173,,,,
16,15,102498,102558,60,3.9123007837915478,,,,
16,16,78582,78642,60,3.9463799959157972,,,,
16,17,238159,238219,60,3.949759282167983,,,,
16,18,249032,249092,60,3.950895386511687,,,,
16,19,207021,207081,60,3.963337709891727,,,,
16,20,245468,245528,60,3.9736919692951798,,,,
16,21,194456,194516,60,3.982041124926602,,,,
16,22,108453,108513,60,4.020837778899028,,,,
16,23,231948,232008,60,4.056294238817686,,,,
16,24,196716,196776,60,4.062298460060581,,,,
16,25,143471,143531,60,4.064708599880157,,,,
16,26,167235,167295,60,4.0700923377819125,,,,
16,27,104561,104621,60,4.076581381808405,,,,
16,28,111078,111138,60,4.098198669190123,,,,
16,29,49488,49548,60,4.147763325390712,,,,
16,30,201964,202024,60,4.18913312354183,,,,
16,31,81901,81961,60,4.250797474961103,,,,
16,32,127471,127531,60,4.256737651643992,,,,
16,33,201469,201529,60,4.261679709192267,,,,
16,34,199939,199999,60,4.298381250815221,,,,
16,35,106104,106164,60,4.309083452407004,,,,
16,36,229548,229608,60,4.332175445421817,,,,
16,37,115533,115593,60,4.356941530807299,,,,
16,38,107622,107682,60,4.3709995023139205,,,,
16,39,231220,231280,60,4.401058833934674,,,,
16,40,169455,169515,60,4.411843520174134,,,,
16,41,87474,87534,60,4.417608030825251,,,,
16,42,208237,208297,60,4.427026474496884,,,,
16,43,187945,188005,60,4.481190019290949,,,,
17,0,183176,183236,60,5.488403329214221e-06,,,,
18,0,26348,26408,60,0.0,,,,
18,1,124737,124797,60,1.6913694229241154,,,,
18,2,52417,52477,60,1.9630476866177344,,,,
18,3,236186,236246,60,2.4798166668611907,,,,
18,4,229608,229668,60,2.738979957637175,,,,
18,5,22031,22091,60,2.7761365637765416,,,,
18,6,237011,237071,60,2.8367757162535425,,,,
18,7,258855,258915,60,3.098719963424546,,,,
18,8,234859,234919,60,3.1620016112957434,,,,
18,9,22448,22508,60,3.1896860124621615,,,,
18,10,257952,258012,60,3.1906182574286546,,,,
18,11,170087,170147,60,3.292315571380589,,,,
18,12,162874,162934,60,3.393674204839447,,,,
18,13,169923,169983,60,3.608876492445135,,,,
18,14,87112,87172,60,3.6633430995397505,,,,
18,15,122383,122443,60,3.7541810762769576,,,,
18,16,164671,164731,60,3.895192449843653,,,,
18,17,239124,239184,60,3.9044299295323537,,,,
18,18,122896,122956,60,4.066094559252659,,,,
18,19,73745,73805,60,4.194745254733601,,,,
18,20,133460,133520,60,4.241647313974113,,,,
18,21,149346,149406,60,4.3193493068698885,,,,
18,22,25261,25321,60,4.386912251757049,,,,
18,23,157767,157827,60,4.388856317152763,,,,
18,24,63963,64023,60,4.470335281404659,,,,
19,0,141659,141719,60,2.7476383618393204e-07,,,,
19,1,95049,95109,60,3.2213140882968125,,,,
19,2,62510,62570,60,3.693724732940913,,,,
19,3,232187,232247,60,3.8642667564509483,,,,
19,4,201687,201747,60,3.8790880607776095,,,,
19,5,49788,49848,60,3.9161030442640588,,,,
19,6,121247,121307,60,4.058186062115111,,,,
19,7,190824,190884,60,4.1045013191018915,,,,
19,8,184459,184519,60,4.1351625449217275,,,,
19,9,194367,194427,60,4.185008490837498,,,,
19,10,81968,82028,60,4.207947392986535,,,,
19,11,62193,62253,60,4.22712597330484,,,,
19,12,39802,39862,60,4.234946407064698,,,,
19,13,187385,187445,60,4.238828822482046,,,,
19,14,171682,171742,60,4.261410252206468,,,,
19,15,160081,160141,60,4.2773150247344285,,,,
19,16,70643,70703,60,4.284842292058617,,,,
19,17,46810,46870,60,4.325395500471197,,,,
19,18,1881,1941,60,4.326348850752364,,,,
19,19,228033,228093,60,4.331547020508262,,,,
19,20,198353,198413,60,4.3466808352500195,,,,
19,21,249435,249495,60,4.40613482042271,,,,
19,22,204024,204084,60,4.408943836360256,,,,
19,23,214076,214136,60,4.445410820687725,,,,
19,24,1318,1378,60,4.495457529221484,,,,
19,25,130699,130759,60,4.497219589643834,,,,
20,0,124356,124416,60,9.657056180250438e-07,,,,
21,0,109551,109611,60,4.2146848510894033e-07,0.00796125479691045,0.07701193059355926,0.2332208032300732,
21,1,171466,171526,60,2.5613015945245774,0.0034751881567796883,0.014776203952992437,0.004921777847108551,
21,2,238366,238426,60,3.2500203977141267,0.008590030432290802,0.018944089276188777,0.024916986765663382,
21,3,76074,76134,60,3.687492825046864,0.00436510622216891,0.0334111257153709,0.10390072244848299,
21,4,258261,258321,60,4.180464486990209,0.008334483472193453,0.01008363826641612,0.0138026748595,
21,5,41295,41355,60,4.2607097605615,0.002038492624668668,0.00537181649307353,0.003729903128922276,
21,6,238040,238100,60,4.286014504801015,0.009895458824693611,0.012478703433485576,0.015645371399861586,
21,7,123294,123354,60,4.400338536086995,0.0072648916834847825,0.022647850086430794,0.02035159086964103,
21,8,66520,66580,60,4.450355793963018,0.003365309687524652,0.057631550281254516,0.004685191035409981,
21,9,41130,41190,60,4.465231534160468,0.0009547476838095379,0.0011815454850248217,0.0016957493653154832,
22,0,44572,44632,60,0.0,0.0031894085746790703,0.01262444109232318,0.0039581259363044,
22,1,162492,162552,60,1.2081369867462448,0.0036671250123489043,0.008380338860379413,0.004939724136375037,
22,2,48543,48603,60,2.3493666331671887,2.5097689758890714e-16,0.0016587692412397092,0.0016369798845895407,
22,3,154986,155046,60,3.142976369559868,0.0019703847420448005,0.0023688886955164985,0.0029651910793776367,
22,4,117080,117140,60,3.174073518506165,0.0018313096192899298,0.006500668555343018,0.002523093589851081,
22,5,134541,134601,60,3.2437846411459095,0.0018349372727447899,0.0022116284906767768,0.003690987836743137,
22,6,44937,44997,60,3.468037137229655,4.251760634333383e-17,0.0015668566962210833,0.0015118142537156674,
22,7,175383,175443,60,3.5940288008789305,0.0034205882082925894,0.0049532548905029915,0.005830495876685808,
22,8,187630,187690,60,3.6245899193239683,0.0015033870891476694,0.00446200466783934,0.004710459003647861,
22,9,13248,13308,60,3.7063834312563797,0.001603584211225158,0.0019757510871309084,0.0022415550891198453,
22,10,11707,11767,60,3.72791167953924,0.0047152489658709995,0.0076690272311743515,0.005839706628595696,
22,11,123204,123264,60,3.74875274811957,0.0038902220668618525,0.0060289445998542674,0.023012525472685858,
22,12,25901,25961,60,3.7647948399271067,0.003359191339072364,0.004197575104634115,0.004382613485703054,
22,13,167774,167834,60,3.7904110886717968,0.0010024322268583211,0.0013455361752651481,0.0018761317601138964,
22,14,100644,100704,60,3.85749063856104,1.0780870854197116e-16,0.0010558214592585116,0.0021796498387799818,
22,15,179644,179704,60,3.8710753151777415,0.0025582416831102994,0.0035032157578661627,0.003074079832771887,
22,16,101825,101885,60,3.932849153694163,0.0028870739946872124,0.020216504651568254,0.013884667403766046,
22,17,26474,26534,60,4.007336412454892,0.003580314659011383,0.006330746525862467,0.004801612521231572,
22,18,177037,177097,60,4.037523769954259,0.0025782541377743135,0.005757034699885665,0.004367820737278497,
22,19,166940,167000,60,4.4036389241074865,0.00249442101914701,0.004698200080340614,0.006331906227339544,
23,0,89203,89263,60,6.251387883246848e-07,0.009969960959690393,0.013305165638721552,0.02992377822135732,
23,1,221286,221346,60,1.7078316459185592,0.009385355571428576,0.011789442490295248,0.028262711909566307,
23,2,222277,222337,60,3.4915038819983004,0.009565492126930813,0.01893501720303842,0.020800013150734552,
23,3,227263,227323,60,4.41615718629448,0.007545365319124733,0.06889204744313676,0.021224058823383303,
24,0,234756,234816,60,9.279966571821481e-06,0.0016754326021327513,0.005901406331393164,0.003348831715154112,
24,1,248049,248109,60,4.1896957277078295,0.0029286282496704475,0.005443958039511855,0.009218322525873124,
25,0,174522,174582,60,1.3559237916561753e-06,0.006486956597549454,0.011653406332570962,0.0484903691196858,
25,1,226585,226645,60,2.9641340905217084,0.009706143822421638,0.018019351694011587,0.013955470562018648,
25,2,137966,138026,60,3.152856138824628,0.003465292044820011,0.011820106831998009,0.052168273615309804,
25,3,125976,126036,60,4.024642196073551,0.0028620125708354953,0.01138955102796323,0.07332758247083587,
25,4,59306,59366,60,4.314699928933263,0.0011629656536112597,0.0018868073760776672,0.001523062980000118,
25,5,157553,157613,60,4.446974309629271,0.0039013963109431854,0.006366778128754152,0.0047927335010904525,
26,0,176968,177028,60,1.918723416664585e-06,0.003436201160779972,0.012064141070799223,0.006578508410446977,
26,1,2914,2974,60,1.9978348651754032,0.005962911041816189,0.010566681826347932,0.00737428740060508,
26,2,372,432,60,2.901321789359933,0.004170652463056759,0.009264913674049935,0.005164806965565507,
26,3,50155,50215,60,3.3283794872059342,0.0017214558430356623,0.011758140012465099,0.011086098214064121,
26,4,12736,12796,60,3.6584809916310075,0.004493855305902649,0.00814039324110006,0.005537327039572616,
26,5,133624,133684,60,3.688713688705271,5.138836398215287e-16,0.0011747363318973239,0.0020310322356108276,
26,6,3328,3388,60,3.7779186758551857,0.002726098164271494,0.004616638414900091,0.008167823625896886,
26,7,122698,122758,60,4.0317791535165,0.009981050476192622,0.013285099080314161,0.024275209242296873,
27,0,49008,49068,60,6.1971634533739236e-06,0.001267168468462808,0.009162241810191533,0.06870331378443847,
27,1,123105,123165,60,3.8800315299853456,0.0021677334968768633,0.004625149400340038,0.044251251936333474,
27,2,227110,227170,60,3.8974031587024403,0.006553086559952903,0.008355839934183908,0.007920873388937414,
27,3,1403,1463,60,3.904406276705947,0.0025385621329593465,0.004747314287153405,0.010208503324487693,
27,4,248649,248709,60,3.942873992285865,0.005353757929350599,0.012707790093049495,0.019474071647973674,
27,5,119818,119878,60,4.06602284360811,0.0047568093844727434,0.007589194918262621,0.013337683246343343,
27,6,261289,261349,60,4.131995430622541,0.005296461917923388,0.011828523382143631,0.016658540111899493,
27,7,257930,257990,60,4.143033061208853,0.004473444129977374,0.005477397124592899,0.011552689999666998,
27,8,11341,11401,60,4.169057362573738,0.0030394088631944347,0.007721160936371404,0.005893490240348656,
27,9,1017,1077,60,4.1797939553717915,0.0021426874234773147,0.010404633924306968,0.006938436551272283,
27,10,89801,89861,60,4.18072046966568,0.0034506495010564182,0.004838800586113976,0.004178454849757862,
27,11,114561,114621,60,4.1853639374017115,0.003854145854053495,0.004886022973962684,0.0054795087462157594,
27,12,257724,257784,60,4.321619597402373,0.004549013640877577,0.0055270854867328564,0.012774347142131614,
27,13,257357,257417,60,4.362420432580531,0.00364908762399773,0.013584319278449003,0.03392801100518909,
27,14,261424,261484,60,4.385469951223783,0.00723320899257227,0.00999719171093693,0.014610766537862793,
27,15,222455,222515,60,4.405358606318125,0.003990340044763907,0.006145733439924127,0.0058294514680827915,
28,0,6449,6509,60,3.455656066923933e-06,0.005126126819878687,0.019754945197638825,0.006841279220231603,
28,1,159974,160034,60,3.0359047593756943,0.003240146530356403,0.004742327238950197,0.004340039548411409,
28,2,167387,167447,60,3.2602189015770624,0.00379572056819593,0.00917696428623572,0.004566692606389952,
28,3,97513,97573,60,3.375801770264458,0.0007170252436735926,0.005374571049426061,0.0024253625158406444,
28,4,144244,144304,60,3.3988891885962054,0.0037945874082200457,0.004615422385184678,0.005990779428366262,
28,5,243425,243485,60,3.480779779461244,0.009811815175729667,0.01963607366217509,0.012715914689468453,
28,6,228575,228635,60,3.483215974769859,0.006565615166108051,0.008212074531693925,0.00956927596557136,
28,7,256842,256902,60,3.4853758928685226,0.003526169458417289,0.007622616594647469,0.007828243254756017,
28,8,212590,212650,60,3.6265026703912024,0.005621818113117781,0.012112385448927569,0.014685901671571917,
28,9,32332,32392,60,3.7800526251111974,0.0017540974107944352,0.004288004995675875,0.0033336925472779314,
28,10,168220,168280,60,3.7891372198771682,0.0023049719276737905,0.0028709230318930148,0.00475424114232546,
28,11,123462,123522,60,3.810613139069529,0.003312369735349665,0.004117773299583973,0.006070285861428737,
28,12,23905,23965,60,3.9431186387263137,0.0025552865963253133,0.007033565280291072,0.007876940155937907,
28,13,65890,65950,60,4.120620739391813,0.002985297607788902,0.003753313023022375,0.005209577729084698,
28,14,234246,234306,60,4.164813338689672,0.009623722097873643,0.02954463595920021,0.05143333720270997,
28,15,157199,157259,60,4.232852779928076,0.0024263431254237466,0.003486034179349198,0.0032663770434335107,
28,16,72775,72835,60,4.232984231645509,0.0038622177139330228,0.004900147292909373,0.00844311780053189,
28,17,40483,40543,60,4.248084126152033,0.0026638250397183656,0.0033451945809836263,0.01860338191033616,
28,18,68653,68713,60,4.327222711418045,0.0031341010934745634,0.0037837857903999564,0.005433410626149632,
28,19,44434,44494,60,4.358876500985101,0.00307136945277831,0.0039001853552813877,0.003988071522846931,
29,0,181536,181596,60,9.424321830774485e-08,0.005197468046747522,0.009320113185499407,0.020792238726822593,
29,1,96548,96608,60,3.394189160940549,0.00235339370350783,0.004680537549883121,0.01672783395677516,
29,2,128394,128454,60,3.407695997644155,0.007454240159868248,0.009712150934221704,0.026740697276388937,
29,3,94168,94228,60,3.441511368136753,0.0038979862920186345,0.027466679885872574,0.004729855661801315,
29,4,227613,227673,60,3.713064038183771,0.0035854033163658177,0.006628040248155946,0.01323749032581331,
29,5,39975,40035,60,3.977094733515543,0.006024228005840306,0.04325728294282034,0.3273093885582341,
29,6,166153,166213,60,4.072645728821535,0.001913729735979651,0.011340500357622164,0.03563264125840282,
29,7,258375,258435,60,4.192890678833496,0.003760249876168656,0.005269472299688652,0.0070442472610885345,
29,8,46640,46700,60,4.2122823734152615,0.0048727561446663325,0.01246455027470599,0.08571115237651264,
29,9,179859,179919,60,4.262953154039732,0.0008777636624885271,0.0012332464629220116,0.00617362860371989,
29,10,120851,120911,60,4.281752710984827,0.002132409462488386,0.00675484666755103,0.0035284252167937053,
29,11,180627,180687,60,4.297795085639137,0.007883063425479684,0.02006641896489706,0.04416339949819235,
29,12,156725,156785,60,4.450763807553334,0.00970182258326217,0.01359011073567407,0.0697601893367025,
30,0,244125,244185,60,0.0,0.009774858766202618,0.014855481606269375,0.01197323405507754,
30,1,228329,228389,60,1.6588037754061342,0.0069966644654059764,0.017231199061042996,0.016705039012302404,
30,2,248257,248317,60,2.414782513638293,0.005672500741823884,0.017793020415505352,0.00838058226556724,
30,3,247063,247123,60,2.4593864830676786,0.0097180115251648,0.015620243593502227,0.011955693537954032,
30,4,260639,260699,60,2.722238555560508,0.00864786374247302,0.014774447949671117,0.03729248370470236,
30,5,87058,87118,60,4.182611279065917,0.0025735751689405107,0.006703695057657729,0.009144376192073872,
30,6,240457,240517,60,4.351916651392851,0.002311929996599802,0.013673589226847282,0.018994043350149873,
30,7,101254,101314,60,4.375112863779734,0.0018446933676760802,0.004939867597381597,0.0024751814188154015,
30,8,102594,102654,60,4.437867728285678,0.0014121732393712356,0.001820347746738183,0.0018257879976382116,
31,0,244813,244873,60,0.0,0.00862437912726645,0.03735280116746101,0.02898080452683908,
31,1,242407,242467,60,3.2174134416180165,0.004487519372106466,0.12529489432975524,0.06924772734179492,
31,2,199077,199137,60,3.6072246546945483,0.0065877227434037455,0.01834328285052885,0.01792378397315289,
31,3,72421,72481,60,3.7022889633875375,0.0008379176219432068,0.022015485489723523,0.0035414008040169608,
31,4,164361,164421,60,4.164040076087566,0.005263623030817397,0.01326563436006543,0.00733837957966296,
31,5,10773,10833,60,4.196091835956274,0.0007981462184066774,0.0012887617670997314,0.003533621959819711,
32,0,96451,96511,60,0.0,4.0789355957371885e-17,0.004930222562148149,0.005464571459868085,
32,1,240535,240595,60,2.832747721062852,0.002724967114477308,0.011834814884493314,0.012153747972232991,
32,2,247183,247243,60,2.9617393253797633,0.004288686650320205,0.012897005488518475,0.006575047746330053,
32,3,133026,133086,60,3.4325469883671933,0.003390785942013833,0.004654353869190264,0.01361557786124442,
32,4,45140,45200,60,3.526837401312097,0.007891456656849436,0.011361443309899421,0.013585646368636706,
32,5,238668,238728,60,3.7939985909049527,0.004404507094324152,0.0062654693700140065,0.005555699953538024,
32,6,239607,239667,60,4.05347074503455,0.0032877389445412812,0.004991896229440618,0.005089694531594765,
32,7,137649,137709,60,4.20827213000426,0.0014224246386818147,0.0017769125970179798,0.00392067814651504,
32,8,122869,122929,60,4.231994974596856,0.0071898325053283705,0.011923792286722908,0.010957004303735907,
32,9,135946,136006,60,4.259755585334031,0.0011036368025978604,0.0013998975026489153,0.00178889825171093,
32,10,124503,124563,60,4.288202816653444,0.0025349734547805446,0.005713647354386608,0.024688014775768638,
32,11,72250,72310,60,4.334145467249578,0.003857231746148108,0.017783263445831168,0.05503987162623569,
32,12,53024,53084,60,4.339658080524974,0.0007682328492480691,0.001206431724663606,0.006194129504911243,
32,13,167073,167133,60,4.41222628785649,0.0017578621806575542,0.011648309443651143,0.003914784853696774,
32,14,239096,239156,60,4.474254331535928,0.003681620908546701,0.005414271882432285,0.004582137989951299,
33,0,40121,40181,60,4.851466594964178e-07,0.002341931274054887,0.09071585043928924,0.008199533309377586,
33,1,179926,179986,60,3.2860146457402544,0.0013469431510888872,0.0032316079676340376,0.0054578353225417575,
33,2,147382,147442,60,4.167657571711262,0.0008444051965294365,0.0012059038109280312,0.0032902093575316116,
33,3,103575,103635,60,4.200425762111938,0.0009708967465086811,0.0012567679925063202,0.007743347349893195,
33,4,93497,93557,60,4.232444907316523,2.513272744250821e-16,0.0010164096772904804,0.001803854465627023,
33,5,37058,37118,60,4.251730748057875,0.00262388384319834,0.0034904907840921325,0.005971020230774262,
33,6,133283,133343,60,4.2538723260849,2.867195789066962e-16,0.0010413495081753022,0.003942655211327374,
33,7,116980,117040,60,4.454492192609907,0.0018848790225195877,0.0023039971380334427,0.005084395985514166,
34,0,133961,134021,60,2.404050288115366,5.139398863502575e-17,0.0010297753823329844,0.001789298704202208,
34,1,260797,260857,60,3.3182355692354566,0.0022267228717674403,0.010785832441283543,0.010950831520575507,
34,2,178720,178780,60,3.528444323905336,0.0010564770332289902,0.0014740106060931366,0.005582657048927047,
34,3,94554,94614,60,3.637330430996632,0.00041061333529519633,0.0008026691893549079,0.005426833018100849,
34,4,688,748,60,3.989093665535645,0.003631036069487534,0.005677215291759627,0.00453512196035922,
34,5,197674,197734,60,4.080196501334511,0.004657825203780607,0.0060833593435069685,0.0099246947167228,
34,6,124830,124890,60,4.1289195930895355,0.003251159305574031,0.004256160324432418,0.004748182213430035,
34,7,70231,70291,60,4.264424377339172,0.0010452224498986476,0.0012784894955647766,0.0027226602947625165,
34,8,134330,134390,60,4.390342004184405,0.002030063818348646,0.0030815526235299442,0.009357129460563999,
34,9,13407,13467,60,4.482859311510529,0.00331125785085134,0.004679241347358547,0.00578493135209541,
35,0,43330,43390,60,1.7756782901008406e-06,0.015282353081522015,0.009609734189384133,0.0033140945718575354,inverse_constraint
35,1,144419,144479,60,1.0252744794826874,0.010922023989863482,0.009019865840890836,0.0018735910522813923,inverse_constraint
35,2,249554,249614,60,1.8390179209110973,0.010081892531659488,0.004493266213339988,0.005106384871935449,inverse_constraint
35,3,81586,81646,60,1.86416516940667,0.010227145369209024,0.004191988878513388,0.0031988541662986447,inverse_constraint
35,4,64399,64459,60,2.010759998956718,0.015973936764377132,0.006750882016704643,0.0016356724912552586,inverse_constraint
35,5,165978,166038,60,2.066648279406912,0.004915213303811647,0.0036893607142048437,0.0033494885078337376,inverse_constraint
35,6,122023,122083,60,2.081425337882714,0.009371891651713017,0.006625942004805006,0.002896758687560874,inverse_constraint
35,7,42726,42786,60,2.0993532944464057,0.016682054040259665,0.009644963723946316,0.0019178151217986489,inverse_constraint
35,8,190210,190270,60,2.100224052852039,0.012421948504969318,0.004763821924036655,0.006659115846857256,inverse_constraint
35,9,42936,42996,60,2.131120062375078,0.007139395194138255,0.004839182118403238,0.005045562819176298,inverse_constraint
35,10,65414,65474,60,2.1361202305661458,0.01581404556148568,0.005924964248396413,0.0028515392006611445,inverse_constraint
35,11,41956,42016,60,2.1653032668445285,0.013856797237366,0.0013057477757465908,0.003041634648184413,inverse_constraint
35,12,65095,65155,60,2.2494262171363655,0.008572241007582785,0.0029210553021320807,0.002459780124503715,inverse_constraint
35,13,181275,181335,60,2.332351196066635,0.007513043679205306,0.005987923776487342,0.006189565879529776,inverse_constraint
35,14,91570,91630,60,2.367883406129093,0.01941486942715995,0.003978688509685798,0.005896176513995805,inverse_constraint
35,15,483,543,60,2.563147444427155,0.004801724631848291,0.0039015927377817556,0.00270910273416437,inverse_constraint
35,16,65494,65554,60,2.5873783921487337,0.008847232862001859,0.0035487452097230144,0.002239957903913342,inverse_constraint
35,17,256879,256939,60,2.706195506966468,0.0050440485942830696,0.003988470868970496,0.0037233735105623145,inverse_constraint
35,18,179349,179409,60,2.8481964925300374,0.006985655259648231,0.005551646551121892,0.0016553345304709888,inverse_constraint
35,19,248843,248903,60,2.849343344797271,0.005888733540414884,0.00037602288416060156,0.0035589667427332393,inverse_constraint
36,0,39554,39614,60,3.332000937312528e-07,0.03477248898974734,0.007116300638537049,0.003429320094836333,inverse_constraint
36,1,84614,84674,60,1.5506182496825194,0.016831928390152486,0.008486345524494947,0.0013765605045894197,inverse_constraint
36,2,139810,139870,60,2.2610924875896647,0.011409413455614617,0.0056308528314729465,0.006294594822633159,inverse_constraint
36,3,91198,91258,60,2.8380315129021048,0.00448791552147072,0.003085630146382205,0.0010475243215306088,inverse_constraint
36,4,205457,205517,60,2.8868485951063056,0.08825470400742812,0.008996746856838806,0.008156255013080429,inverse_constraint
36,5,99751,99811,60,3.1285797062867147,0.009570392420872827,0.0043403642153519145,0.004410096655172078,inverse_constraint
36,6,224848,224908,60,3.542333605733505,0.03413487408011303,0.005797218205249563,0.004814495469591892,inverse_constraint
36,7,80019,80079,60,3.585115287077412,0.006965326504284635,0.0041481590031043096,0.0025609637928932748,inverse_constraint
36,8,88172,88232,60,3.626334365617913,0.002151874896541907,0.0011393096758841052,0.0010693035701079988,inverse_constraint
36,9,264675,264735,60,3.693731950726349,0.0060842256461012545,0.0006399447537436347,0.004295243278948644,inverse_constraint
36,10,13307,13367,60,3.745837273011614,0.009771069556175778,0.007025430533823592,0.0017321710967515903,inverse_constraint
36,11,111906,111966,60,3.748425913311431,0.005463360939590998,0.0013364001808845096,0.002800722544338957,inverse_constraint
36,12,54105,54165,60,3.7722089208155714,0.01451275523772096,0.007795056069207455,0.0013182455295282706,inverse_constraint
36,13,148980,149040,60,3.8732598761884947,0.005072448436934709,0.0013755455239735257,0.002620978945889435,inverse_constraint
36,14,52613,52673,60,3.927261007464922,0.010592053583139171,0.007214515080272274,0.00370366704859471,inverse_constraint
36,15,52517,52577,60,3.989809634674231,0.017922911952693563,0.009752766221982472,0.005395530863710203,inverse_constraint
36,16,254114,254174,60,4.067826798990186,0.009910527707492773,0.00818187527218904,0.0032601868238919716,inverse_constraint
36,17,144018,144078,60,4.127684037012569,0.005799299113269924,0.004225884095676073,0.00164179105944673,inverse_constraint
36,18,24264,24324,60,4.350800169898569,0.00640193405224093,0.0046636301037722965,0.0013763364823420167,inverse_constraint
36,19,250988,251048,60,4.35290690045038,0.005917740635700833,0.0007794938807964428,0.0018558149624665888,inverse_constraint
37,0,11194,11254,60,0.0,0.015095918434694633,0.006069746294951017,0.008618323477862544,inverse_constraint
37,1,134857,134917,60,1.8730229370136349,0.02088928383246157,0.005143360002058207,0.005364063940172975,inverse_constraint
37,2,107674,107734,60,2.018429743776685,0.022497032734385098,0.005180838847374299,0.007082133631115688,inverse_constraint
37,3,114167,114227,60,2.179362929604171,0.010437211853492053,0.007224520666029242,0.005975799524923857,inverse_constraint
37,4,122640,122700,60,2.3572402194489857,0.02298897872859012,0.009681529327474233,0.005790553184048663,inverse_constraint
37,5,207931,207991,60,3.0782806353373764,0.008606699173959339,0.0021752399822850795,0.0037763831602179816,inverse_constraint
37,6,249621,249681,60,3.1165875385317308,0.010561310230591581,0.0007601338328711375,0.006671068296366151,inverse_constraint
37,7,169700,169760,60,3.2990249252178336,0.00739677792445465,0.004549951567266844,0.005318583075963845,inverse_constraint
37,8,243140,243200,60,3.324147305305207,0.019083747606830938,0.006881022263088284,0.0010405237836507177,inverse_constraint
37,9,135014,135074,60,3.431875420088649,0.010039742546539448,0.003752915020505958,0.003647193031998492,inverse_constraint
37,10,102399,102459,60,3.474635340523705,0.006239653094110578,0.0013063407154895958,0.0031576145735117294,inverse_constraint
37,11,83163,83223,60,3.5876634045078477,0.008608249528669164,0.0034069330597160013,0.007047119757547312,inverse_constraint
37,12,209677,209737,60,3.606017801896186,0.008428380907064388,0.0004542693632880927,0.0037304895683447103,inverse_constraint
37,13,157450,157510,60,3.643715863513307,0.011514846755082693,0.00927730367806931,0.008379464305868658,inverse_constraint
37,14,77610,77670,60,3.777360893925791,0.007942014908242104,0.0043942135495413865,0.003247629558318213,inverse_constraint
37,15,204509,204569,60,3.790575106146637,0.018534849150016273,0.0007403010204231332,0.0046115749757110495,inverse_constraint
37,16,257866,257926,60,3.793845112107346,0.011412077067734424,0.0037080510061094202,0.006460143240693944,inverse_constraint
37,17,180689,180749,60,3.801704660604954,0.027199531600035586,0.005605436209693514,0.002508651727294073,inverse_constraint
37,18,121511,121571,60,3.896132859890683,0.007986699254267635,0.00660776260052992,0.006272716495059482,inverse_constraint
37,19,243705,243765,60,3.9014883521850905,0.005685743352772125,0.000618871898980949,0.004390527753538859,inverse_constraint
38,0,134920,134980,60,1.0409503696306335e-06,0.05006823603181145,0.008832985945540875,0.008075065482848871,inverse_constraint
38,1,63801,63861,60,2.9298869318226344,0.01050930177668823,0.006347981741943986,0.0037315522076660943,inverse_constraint
38,2,48648,48708,60,3.075513260382861,0.008342218803834641,0.006639946552046694,0.0007350779614317797,inverse_constraint
38,3,125339,125399,60,3.3341057394510396,0.004214143447111119,0.002623253291377989,0.003004673878405891,inverse_constraint
38,4,138058,138118,60,3.4745381320392843,0.00689274761181184,0.003255299813759513,0.002186062543736436,inverse_constraint
38,5,84515,84575,60,3.5508569947109447,0.0074258805711148925,0.0021821267699149885,0.0018788319325590446,inverse_constraint
38,6,46421,46481,60,3.5626117206429813,0.015054037003654987,0.004208333658145537,0.007540909621960981,inverse_constraint
38,7,51862,51922,60,3.5792362961821222,0.02149926738196068,0.0024059928262902975,0.001239340462364403,inverse_constraint
38,8,112537,112597,60,3.6631368371946667,0.006132896374889524,0.0020040911861068903,0.004779380915751298,inverse_constraint
38,9,167295,167355,60,3.7076900647370232,0.009047680491226149,0.0030892155760652105,0.002666740855518504,inverse_constraint
38,10,67608,67668,60,3.987051881691871,0.013798040428035622,0.0020528140480951685,0.002285547022023114,inverse_constraint
38,11,12660,12720,60,4.015399289464078,0.02125604474798589,0.008202355414106485,0.004667691468883716,inverse_constraint
38,12,157621,157681,60,4.051532530829918,0.010215073083801254,0.0013574072772335694,0.003452273321731415,inverse_constraint
38,13,195497,195557,60,4.083731042804726,0.008837530125233918,0.0014869015988882711,0.004192688845005479,inverse_constraint
38,14,73010,73070,60,4.100447350816981,0.00907211091812659,0.0011084395178288286,0.0010359849007893814,inverse_constraint
38,15,50050,50110,60,4.100472592895466,0.010465516457638492,0.002401713065491255,0.0016006443641359614,inverse_constraint
38,16,67962,68022,60,4.24364441345682,0.007420049815963097,0.004968205257238215,0.0027336530262062992,inverse_constraint
38,17,108822,108882,60,4.28320835295838,0.009007561766786264,0.007362078849454038,0.003479451245381798,inverse_constraint
38,18,126107,126167,60,4.362426648369215,0.01718334105329253,0.008776198678214813,0.005488778400184607,inverse_constraint
38,19,81216,81276,60,4.392539762546191,0.007665612287378425,0.002818674226219952,0.000987816094627367,inverse_constraint
39,0,24976,25036,60,3.5262583393452264e-07,0.0250977898087757,0.009738522750412924,0.003084402268790623,inverse_constraint
39,1,154806,154866,60,3.5031179800549865,0.011711681773844016,0.009522742986781069,0.003472126130528283,inverse_constraint
39,2,142118,142178,60,3.530999951652007,0.02988451233316505,0.004022943297208538,0.005651067829095735,inverse_constraint
39,3,104403,104463,60,3.5606691707954443,0.011605075311615073,0.005217571289944757,0.0030799613881502966,inverse_constraint
39,4,134784,134844,60,3.959092586369489,0.044853600500383124,0.009414961827377994,0.002650023775354234,inverse_constraint
39,5,96906,96966,60,4.047751855115107,0.008458373157586978,0.004065005213416264,0.0039136097486791215,inverse_constraint
40,0,11657,11717,60,1.739036376582999e-06,0.01655944650887014,0.00938118995749105,0.0069516165040041525,inverse_constraint
40,1,45686,45746,60,3.975774167656176,0.00218573203085645,0.0008015504944057179,0.0009666247682203399,inverse_constraint
40,2,43558,43618,60,4.1589414860919165,0.03817530417291799,0.00989182382790051,0.005095889381554043,inverse_constraint
40,3,104484,104544,60,4.2966579064968595,0.008588674264472846,0.006269339904279277,0.0052457729868477096,inverse_constraint
40,4,151852,151912,60,4.459769240300314,0.009417559955878623,0.004592284199182869,0.005950712072206402,inverse_constraint
41,0,42638,42698,60,1.4073513690373414e-06,0.013311653062303723,0.009911208737224534,0.007051208811096825,inverse_constraint
41,1,101774,101834,60,2.3517001009706595,0.02481035797850671,0.009964673637448842,0.008147180410946565,inverse_constraint
41,2,125199,125259,60,2.626010035999105,0.012220626896790024,0.009389826465107654,0.006390626010105898,inverse_constraint
41,3,62437,62497,60,2.8862604373956597,0.011223648997369638,0.0012695935478142276,0.006516255595984336,inverse_constraint
41,4,106787,106847,60,2.9605862634517224,0.013786106011925146,0.006067704133789979,0.002435035765702136,inverse_constraint
41,5,179777,179837,60,3.3105741078971374,0.005622079955339887,0.001263431340365004,0.0027028971108517164,inverse_constraint
41,6,221102,221162,60,3.7026096499032053,0.013046160159187492,0.0017216564239890112,0.0032619195226765017,inverse_constraint
41,7,207585,207645,60,3.775681203800642,0.010344287864176484,0.0008666185614112315,0.0030312834926113055,inverse_constraint
41,8,106325,106385,60,3.918648029156529,0.015222268071530473,0.008604426659974266,0.004324317832198894,inverse_constraint
41,9,130325,130385,60,3.9609532605106264,0.04892191963672638,0.009572534778865747,0.007483191278718657,inverse_constraint
41,10,97918,97978,60,3.9983266590842215,0.008104402924083003,0.0011738847317390192,0.003001660111721351,inverse_constraint
41,11,12762,12822,60,4.108544355107222,0.004733488533989088,0.003717170945639036,0.001628921355185908,inverse_constraint
41,12,198730,198790,60,4.161415026399938,0.021584290284261655,0.00047375826421600694,0.008278951322074271,inverse_constraint
41,13,211221,211281,60,4.162110424051021,0.013401271127938458,0.0008053263317863942,0.005281687372505648,inverse_constraint
41,14,199300,199360,60,4.259932395621468,0.007205159254392567,0.0009226595630597915,0.0049173541837956745,inverse_constraint
42,0,196330,196390,60,4.124688791818832e-06,0.014803362245885132,0.007110065297198188,0.004123677876523273,inverse_constraint
42,1,198548,198608,60,3.115017560952337,0.012781176723091928,0.0006587634711316295,0.0022399948685481274,inverse_constraint
42,2,203559,203619,60,3.160304739247338,0.010262160926354985,0.001009057544326015,0.003974685968483826,inverse_constraint
42,3,202537,202597,60,3.286641035692183,0.009948050049628532,0.001032152105306043,0.0059922566944007405,inverse_constraint
42,4,196722,196782,60,3.298367156902051,0.006255096370739111,0.0031830514705139127,0.0046575542593659345,inverse_constraint
42,5,262574,262634,60,3.318121882900476,0.01352406793359042,0.009319516264553183,0.006233168741752338,inverse_constraint
42,6,108457,108517,60,3.6327253020165626,0.020118613482712093,0.0011599855698689484,0.003889681602119491,inverse_constraint
42,7,206655,206715,60,3.6799276798267044,0.017007517134267715,0.0056568072710890425,0.009674840183029965,inverse_constraint
42,8,205530,205590,60,3.6893116755348236,0.015637657458895116,0.0005867931305026758,0.0043344612190214914,inverse_constraint
42,9,201479,201539,60,3.8045213203352897,0.01857621131611302,0.002820911331778872,0.004682136177032153,inverse_constraint
42,10,208098,208158,60,3.9871497409183796,0.009719787644835366,0.007873554132849101,0.007961333133297535,inverse_constraint
42,11,192117,192177,60,4.096019466752728,0.0047703757245334015,0.001290753764158492,0.002735532412521888,inverse_constraint
42,12,7025,7085,60,4.12319383163475,0.003456129722963934,0.0014642257744257713,0.00219888560468692,inverse_constraint
42,13,99352,99412,60,4.185718383850156,0.005151337813080055,0.0014831209839006455,0.003873105704440846,inverse_constraint
42,14,197569,197629,60,4.274599068547415,0.016552462401267527,0.0007971174589921032,0.004217349665156826,inverse_constraint
42,15,240325,240385,60,4.293381482608941,0.004036091764556708,0.0008256868610088607,0.0033196863969775624,inverse_constraint
42,16,24080,24140,60,4.337144261597557,0.009447388993808481,0.005178507303171175,0.005949426033377096,inverse_constraint
42,17,247817,247877,60,4.428623262081926,0.005099343320708392,0.00243702312472199,0.0013395383241140808,inverse_constraint
42,18,250852,250912,60,4.43063686630207,0.004777156136765663,0.000958502679625637,0.001201110704416315,inverse_constraint
42,19,132146,132206,60,4.482941419750084,0.004818497787719592,0.0015516172661019522,0.003870620252502538,inverse_constraint
43,0,218134,218194,60,1.6819180321124152e-06,0.0212451241190363,0.0058274636701334225,0.0030653155284123493,inverse_constraint
43,1,148591,148651,60,2.6998916958029744,0.0071290567780179885,0.003376296719252711,0.00419356311308597,inverse_constraint
43,2,81130,81190,60,2.7123512673782293,0.011976800337035154,0.004962958124110132,0.002514279678829107,inverse_constraint
43,3,141926,141986,60,2.977319349503579,0.010052354571602536,0.005144337493833292,0.001899511392686858,inverse_constraint
43,4,65707,65767,60,2.993302503174324,0.006846755417992017,0.0027012412370911727,0.002459952541880294,inverse_constraint
43,5,82960,83020,60,3.100935524616329,0.014986623681619703,0.006918021033638263,0.004506210095727402,inverse_constraint
43,6,107035,107095,60,3.114109823747553,0.017389651557140052,0.008410239927816051,0.0018304206949214632,inverse_constraint
43,7,83243,83303,60,3.1406559240484264,0.010516644226237295,0.0038563908191997964,0.0024347890142692413,inverse_constraint
43,8,119954,120014,60,3.155241768828622,0.0059378131110958575,0.004495536389340925,0.003159951105422815,inverse_constraint
43,9,89981,90041,60,3.219167962104426,0.015541653937670975,0.0059724166712481885,0.008478081983290246,inverse_constraint
43,10,80190,80250,60,3.34206992560688,0.020138411303004065,0.005161431549061767,0.004593880037559838,inverse_constraint
43,11,52050,52110,60,3.375731162223574,0.0310781341891507,0.009724337157193128,0.0023155735797781296,inverse_constraint
43,12,42385,42445,60,3.47698205879662,0.009100457207403455,0.0014109311831435802,0.007509157363403022,inverse_constraint
43,13,206717,206777,60,3.5871964224722226,0.022282751802125914,0.0008113958847568561,0.003792988654493377,inverse_constraint
43,14,244295,244355,60,3.6757115366525213,0.011427350487334507,0.005141632935782217,0.005401030115581274,inverse_constraint
43,15,130613,130673,60,3.6996862094943683,0.08899498653672629,0.009974004397584389,0.008572484874196292,inverse_constraint
43,16,48171,48231,60,3.7026065362827936,0.008490751638061107,0.0053525183236663295,0.0006990515103121692,inverse_constraint
43,17,150991,151051,60,3.7101295975146433,0.005838822763788446,0.0046360693890168244,0.00476152209315048,inverse_constraint
43,18,64159,64219,60,3.7601986537931413,0.011234900074322566,0.005487536832722096,0.0035229008783273707,inverse_constraint
43,19,36963,37023,60,3.8147274470002825,0.009182823266544453,0.004881715423526976,0.0048327704374528015,inverse_constraint
44,0,220905,220965,60,2.9779962257709045e-06,0.010169802437778992,0.004274061340777128,0.004833114269786893,inverse_constraint
44,1,237613,237673,60,1.357202858742,0.015501802825211226,0.004675733236553114,0.004959301944620893,inverse_constraint
44,2,95922,95982,60,1.7848491970434084,0.016877624142549393,0.0046272532433951265,0.006680143466138529,inverse_constraint
44,3,5300,5360,60,2.1960687529031575,0.01022639578326988,0.005319619120508606,0.006056755694669055,inverse_constraint
44,4,67816,67876,60,2.3577406268642194,0.011564272235105765,0.0048674976022265734,0.005008613176627368,inverse_constraint
44,5,40425,40485,60,2.3980485606827155,0.01115106312807495,0.004103460842147436,0.0037601286501530596,inverse_constraint
44,6,12201,12261,60,2.404405395060862,0.01667394391059965,0.008390590874524283,0.004256996902769538,inverse_constraint
44,7,189604,189664,60,2.5102617395896116,0.010289749819851542,0.003484347119097927,0.007139220357919703,inverse_constraint
44,8,149505,149565,60,2.514068595925576,0.008847520971914578,0.0045846400614611305,0.003236395251522025,inverse_constraint
44,9,261349,261409,60,2.5816161141012257,0.006156045832614263,0.004992793048862492,0.005104733068241386,inverse_constraint
44,10,222220,222280,60,2.6005060517971974,0.009256648591732038,0.004478375977887675,0.004287168558670801,inverse_constraint
44,11,123426,123486,60,2.7955313500111774,0.011185526051657024,0.008350544556347286,0.009261017523508651,inverse_constraint
44,12,136846,136906,60,2.845982504125704,0.005804525662567816,0.004761333020921173,0.0044401294887256365,inverse_constraint
44,13,265611,265671,60,2.9731266455043546,0.016742626852541784,0.005084884989999052,0.009904931575678556,inverse_constraint
44,14,171001,171061,60,2.989458895704728,0.017314911782951088,0.009529350923247349,0.005893811080869525,inverse_constraint
44,15,228605,228665,60,2.9955179790472277,0.008651073431475108,0.004198131535911772,0.007193695483086127,inverse_constraint
44,16,107234,107294,60,3.0143480746573283,0.016403466678641922,0.004790262699690434,0.0033165623333467655,inverse_constraint
44,17,165833,165893,60,3.073882184901193,0.009663602034733987,0.0070408571949759635,0.0029249237598214504,inverse_constraint
44,18,126191,126251,60,3.1665290691204633,0.018958389844577535,0.006388105203105167,0.0061429781210204345,inverse_constraint
44,19,234849,234909,60,3.1986038681664097,0.012615376463629435,0.004840495505885747,0.004421128432687339,inverse_constraint
45,0,40222,40282,60,9.424321830774485e-08,0.029874465249658064,0.04159058928087321,0.08811446395403955,dynamic
45,1,66136,66196,60,0.4497047985168082,0.051647921447302625,0.028397578211734446,0.06098491734209491,dynamic
45,2,90231,90291,60,0.4836076880333102,0.03850623476577645,0.03343514276328335,0.011965689746517733,dynamic
45,3,89236,89296,60,0.6334917700171293,0.019207667739439285,0.026527367500124313,0.060787644142565246,dynamic
45,4,47110,47170,60,0.7803679107763805,0.012699383082838942,0.01850802328943168,0.01414854428985281,dynamic
45,5,83742,83802,60,0.8028687430988803,0.015337550441006504,0.014438212437767332,0.06404924656561672,dynamic
45,6,48065,48125,60,0.8861456406689853,0.0386408130062557,0.01888766887508708,0.009199531309579106,dynamic
45,7,110277,110337,60,0.9203487243820715,0.14153895948613185,0.09486823450296851,0.0210675561299964,dynamic
45,8,109556,109616,60,0.9915362325875984,0.00783540581628886,0.07585407301359001,0.23747343030434184,dynamic
45,9,88785,88845,60,1.1287911723976913,0.016598866735892132,0.0049620738545476575,0.01739115632509446,dynamic
45,10,39571,39631,60,1.4380837194455947,0.03634109830082152,0.007338063111733769,0.003382510013120364,dynamic
45,11,154673,154733,60,1.5730841436140046,0.013439201843387528,0.004825047863646766,0.013624304433720579,dynamic
45,12,46515,46575,60,1.7840664734805394,0.034147351736364816,0.020499193067638668,0.0032428264031006925,dynamic
45,13,221319,221379,60,1.8120063240656954,0.016625371752614235,0.0223328141613564,0.05490855575233647,dynamic
45,14,149863,149923,60,2.1559709764237454,0.031911379934523,0.0258560110866602,0.004941313329705298,dynamic
45,15,11284,11344,60,2.1738576381337205,0.019022750813259298,0.005676680330762273,0.010456735852754598,dynamic
45,16,171471,171531,60,2.2369027987305117,0.003429834759181456,0.01454230907467647,0.004878949495858171,dynamic
45,17,205474,205534,60,2.4502748205950136,0.10345372510438584,0.00957314291083977,0.009231646831600479,dynamic
45,18,236950,237010,60,2.628765364116062,0.03399068975467359,0.021534824983907196,0.024351337224228106,dynamic
45,19,139827,139887,60,2.6609444048931774,0.010899672212226484,0.005351491554525214,0.0063723868537577085,dynamic
46,0,64327,64387,60,7.208220137624636e-07,0.031739621127162644,0.03720344809154394,0.018924956618094305,dynamic
46,1,67495,67555,60,0.7358234892872086,0.04869242141672382,0.053583051122547284,0.07473221840804259,dynamic
46,2,24952,25012,60,0.912275926763768,0.03721414121842651,0.014495500197917266,0.00608354249234175,dynamic
46,3,64986,65046,60,1.2950657969910433,0.03126493728422332,0.02881738047609305,0.00892656608019627,dynamic
46,4,187536,187596,60,1.602680571196125,0.024208385943767903,0.01773032437778529,0.009247492166888013,dynamic
46,5,67351,67411,60,1.9409199677750788,0.015095274540897869,0.014062032308199081,0.003439918356886042,dynamic
46,6,112203,112263,60,2.2059554223453413,0.031392753899156765,0.05098376857728301,0.01746378669879839,dynamic
46,7,134758,134818,60,2.3570472520806547,0.08130905353455899,0.024953425665319426,0.008883324093834678,dynamic
46,8,130296,130356,60,2.379620787116113,0.048386035766535496,0.033468572612360206,0.010897195105354522,dynamic
46,9,65589,65649,60,2.4169262202384503,0.02358246432800008,0.006747060232866527,0.01352228314226886,dynamic
46,10,149214,149274,60,2.4541957609957654,0.08409107855487084,0.11250469909507389,0.011980052036485127,dynamic
46,11,124670,124730,60,2.4808435532988944,0.07767201618829757,0.16254888340964033,0.008422415841274785,dynamic
46,12,135021,135081,60,2.492913142839041,0.010901093649663535,0.0039492860047271325,0.0036108164615099967,dynamic
46,13,196556,196616,60,2.502995929693844,0.0186592411398404,0.00816080605798856,0.014531782888755495,dynamic
46,14,82802,82862,60,2.603063535779464,0.017094701778304734,0.016799350670398505,0.0048246714278733695,dynamic
46,15,43575,43635,60,2.6074419297280644,0.05309228465306315,0.012911028234681314,0.00633425977814648,dynamic
46,16,50147,50207,60,2.6599080052043402,0.0017295833449380163,0.012437365035875718,0.011046348908924062,dynamic
46,17,11670,11730,60,2.681991298043722,0.017804428090527052,0.009017435762812,0.00750878928182877,dynamic
46,18,137412,137472,60,2.719615782387244,0.011436444598468607,0.009687582480875893,0.004305071616440227,dynamic
46,19,110083,110143,60,2.796725573444177,0.0197570201162477,0.02520011337547352,0.006244909694883848,dynamic
47,0,125178,125238,60,1.4901161193847656e-07,0.025691649306389768,0.02403563067077964,0.00383783754033029,dynamic
47,1,42624,42684,60,0.7740332000796423,0.017564176588809693,0.014893975397006898,0.005672158414864373,dynamic
47,2,106303,106363,60,1.0958240407347402,0.03024851352332586,0.03877608265844458,0.00404554644611958,dynamic
47,3,101761,101821,60,1.4629370156572292,0.0318694828967989,0.01388128929243191,0.007025650747732488,dynamic
47,4,2908,2968,60,1.691270110636668,0.0062008926199090845,0.011737717222570533,0.006736314206443842,dynamic
47,5,179053,179113,60,1.7106021169559693,0.012715172898348944,0.024449368082395676,0.012756976442360587,dynamic
47,6,176966,177026,60,2.0507446125760045,0.003423707830058407,0.012807162032337007,0.006518527418030325,dynamic
47,7,370,430,60,2.5616796599050637,0.00422559997361361,0.009408070735141529,0.0049786259393839885,dynamic
47,8,157393,157453,60,2.5826773064651283,0.011252976124085656,0.012864335265472348,0.006976407983439412,dynamic
47,9,36655,36715,60,2.6317667551550197,0.007340875349609123,0.01486682471964314,0.0016757570771058126,dynamic
47,10,121543,121603,60,2.8430416721652536,0.026160310581535562,0.01726578742281898,0.005993589423426001,dynamic
47,11,122664,122724,60,2.866198535032223,0.033363739505685365,0.01857271002581018,0.011263957001916501,dynamic
47,12,150516,150576,60,2.9514240891373644,0.005778083324161222,0.005450735789532748,0.006714874152036045,dynamic
47,13,129911,129971,60,2.978046707015285,0.04251453641092453,0.018749385114945973,0.008754106134125526,dynamic
47,14,179762,179822,60,3.021967912084346,0.009928448863278134,0.0013664576596206961,0.0026259505426601544,dynamic
47,15,156699,156759,60,3.171864850228346,0.02267789864813797,0.02441054342886098,0.03607079541345075,dynamic
47,16,78467,78527,60,3.1898198788659977,0.008086523655655493,0.001437297375425798,0.008416307616057214,dynamic
47,17,123762,123822,60,3.266888620608566,0.05871607547552995,0.052215283429052954,0.010035704887715737,dynamic
47,18,107688,107748,60,3.305719453357416,0.021362492171641923,0.006256553623787843,0.0074177922240791765,dynamic
47,19,106780,106840,60,3.376620293391999,0.018043041503297223,0.007786713585614379,0.001507169043826869,dynamic
48,0,134933,134993,60,3.4627169485754526e-07,0.09066284198977614,0.02126813567492358,0.01589394091114789,dynamic
48,1,110392,110452,60,0.9262529901384066,0.13758550315227033,0.1319529678572901,0.015271863221324185,dynamic
48,2,122488,122548,60,1.4690990549700615,0.010782112963092555,0.039424989374426664,0.0030034317483692936,dynamic
48,3,130971,131031,60,1.7236502876196407,0.012369588398127131,0.003774931362056108,0.01937409390349334,dynamic
48,4,148374,148434,60,1.7936130733077587,0.008228300948126283,0.006575582912609905,0.008451305007336764,dynamic
48,5,25201,25261,60,1.9283637268002876,0.007234013025593368,0.006838680797096931,0.005358682033948478,dynamic
48,6,179543,179603,60,1.9513524924129373,0.004814264717246578,0.005508021905905247,0.004851938862723591,dynamic
48,7,138067,138127,60,2.126288052985279,0.008695924175107086,0.0048775299605779395,0.0028279632493605,dynamic
48,8,43301,43361,60,2.1292667006707977,0.014806841416664877,0.012413085837701345,0.0030234468542012895,dynamic
48,9,125348,125408,60,2.174098662509206,0.005199264694829469,0.004111702117692855,0.002622894128374664,dynamic
48,10,121996,122056,60,2.199673527449126,0.01068934286344998,0.007754895241860967,0.002515362445826637,dynamic
48,11,91544,91604,60,2.2122818824738872,0.021483672260994315,0.005473673656705404,0.005600973866933095,dynamic
48,12,66856,66916,60,2.2245132083341708,0.013342203008681244,0.0063913573364639716,0.0627639957776562,dynamic
48,13,25658,25718,60,2.2454199841242937,0.006186828527018421,0.010144039349127002,0.004102505628099292,dynamic
48,14,84523,84583,60,2.374320903399361,0.010685253930234562,0.0029933596715844436,0.002230720187977937,dynamic
48,15,167302,167362,60,2.3801912678967354,0.012309003048336152,0.00471424021743553,0.002957227710082592,dynamic
48,16,25863,25923,60,2.3939640933810913,0.005346865551775254,0.00409679012289559,0.0038966187580010635,dynamic
48,17,89968,90028,60,2.4119330888262205,0.010203967105923225,0.0051777489757884,0.008715027279552012,dynamic
48,18,65069,65129,60,2.4789689196777203,0.008626533396359734,0.003436030263355509,0.003201271772979014,dynamic
48,19,65384,65444,60,2.4902351527698117,0.01684029451587048,0.006048127928006868,0.005764402160637081,dynamic
49,0,242312,242372,60,1.763129169672613e-07,0.02084665389825548,0.022721655539551938,0.026204824258932346,dynamic
49,1,225751,225811,60,0.9389357130867761,0.1659274935999226,0.01580703361166318,0.014504308431692389,dynamic
49,2,226824,226884,60,1.296981417944954,0.021046124057072825,0.019060442230858534,0.022346592019880082,dynamic
49,3,228338,228398,60,1.7914888669374227,0.011343619126298592,0.018515865367943165,0.024382576469219493,dynamic
49,4,238027,238087,60,1.9121076776782284,0.010161379718969344,0.01363437605472901,0.013679187057390133,dynamic
49,5,238360,238420,60,1.9331175624505597,0.008807544351461794,0.018806179248481728,0.022795668030348024,dynamic
49,6,242782,242842,60,1.970355520527986,0.026468388000487085,0.022198549430659055,0.02902443271768435,dynamic
49,7,247077,247137,60,2.031915707727728,0.016676796114892554,0.020922590588750904,0.01683896486552721,dynamic
49,8,245304,245364,60,2.0934248489994025,0.016786418653249598,0.01345691846461133,0.01449701027082211,dynamic
49,9,190038,190098,60,2.0938890344915473,0.024358880778837026,0.008178259995657917,0.10928939948035782,dynamic
49,10,225850,225910,60,2.1384923721432796,0.06627611648677889,0.02027263339136615,0.039969718770151944,dynamic
49,11,243298,243358,60,2.243341379553247,0.02403220997192309,0.02336028783418504,0.024113489754386812,dynamic
49,12,257008,257068,60,2.2823845119819306,0.012560947349089606,0.011604569828614226,0.017742148133243478,dynamic
49,13,538,598,60,2.330614243708701,0.0047727486712994165,0.00597663653597521,0.0032460582160682983,dynamic
49,14,111981,112041,60,2.355428112406913,0.004002977893018986,0.0012632803059254136,0.004618267660647511,dynamic
49,15,244135,244195,60,2.3827461958649274,0.015401051841931161,0.015846416373516355,0.01498780022075724,dynamic
49,16,41297,41357,60,2.4146020155056918,0.002134097521690783,0.005449172243137616,0.003927180137078903,dynamic
49,17,73890,73950,60,2.428904743322376,0.011318979781187203,0.029895604834597907,0.002706956673302118,dynamic
49,18,254115,254175,60,2.4650933670892994,0.01007479142112537,0.008213737188929851,0.003341489639585992,dynamic
49,19,52520,52580,60,2.4939176531558136,0.01918032906908793,0.010022918585361923,0.005388936921343594,dynamic
50,0,144411,144471,60,1.3818768405162847e-06,0.012280144488033986,0.012199903445029506,0.0018754085776894439,dynamic
50,1,81579,81639,60,1.6162090000176503,0.010990977212447883,0.0055315691862227205,0.0030338329736289004,dynamic
50,2,42719,42779,60,1.656999696061584,0.019250954836988462,0.011080287190757489,0.0017936684646290275,dynamic
50,3,64392,64452,60,1.8328257055593131,0.019386916187128487,0.008457510623564818,0.0015425294197945318,dynamic
50,4,190203,190263,60,2.08273241480646,0.013347014987161319,0.0066308424417159,0.006823719439494491,dynamic
50,5,42930,42990,60,2.099858416837104,0.006964806196557943,0.0064449384719463725,0.005187334936539979,dynamic
50,6,169847,169907,60,2.1729094238304336,0.007315903913786451,0.008854183530417658,0.004464195126463054,dynamic
50,7,179348,179408,60,2.222915686327513,0.007222646899672166,0.005809261643886616,0.0016524379155166094,dynamic
50,8,130610,130670,60,2.2858118655874504,0.0939372690481114,0.010829967957065825,0.009160612088254295,dynamic
50,9,165971,166031,60,2.3604571561084318,0.005840788151301504,0.004737624913666913,0.0029998313790033045,dynamic
50,10,181268,181328,60,2.4108554327333955,0.009981111058800233,0.006851589995987732,0.005658006187726468,dynamic
50,11,123214,123274,60,2.4597302461854844,0.0038822524670748043,0.005520449653889035,0.024322658405525555,dynamic
50,12,115910,115970,60,2.4814896257952648,0.003930665130340427,0.004196204749380068,0.003972315049719827,dynamic
50,13,149320,149380,60,2.4980403099415005,0.09016302356993128,0.07578385598692287,0.012394915933685814,dynamic
50,14,101829,101889,60,2.503445989692428,0.0026621564074933548,0.01958279818043949,0.01426033932810117,dynamic
50,15,179627,179687,60,2.5577513067086004,0.0037632599481636233,0.006915435778548663,0.0035660923578036273,dynamic
50,16,126136,126196,60,2.5602204467653644,0.016380072086961725,0.014629564644619442,0.005431393624038397,dynamic
50,17,134544,134604,60,2.6148221213057163,0.0017332481223782032,0.0022189891412484454,0.0037618143146718663,dynamic
50,18,26466,26526,60,2.6179107385200493,0.004324540850409343,0.007850221128666986,0.003057311847006441,dynamic
50,19,123918,123978,60,2.6424246127526114,0.0038253375293312354,0.00582267677747928,0.002469304341685766,dynamic
51,0,150361,150421,60,9.424321830774485e-08,0.025917085440435077,0.07383609692598024,0.015130769199771002,dynamic
51,1,30740,30800,60,0.9227438071261833,0.02832124021446916,0.07091646831786567,0.0158695119941967,dynamic
51,2,107798,107858,60,1.084021112263878,0.020233014438960303,0.06282232072006051,0.018072934515887172,dynamic
51,3,245711,245771,60,1.1839126776545432,0.021627911923614424,0.0671941659029457,0.009758064087328258,dynamic
51,4,110582,110642,60,1.2121707162743236,0.04328225163749066,0.07446721468720681,0.02867736544044911,dynamic
51,5,158643,158703,60,1.2146564674120932,0.01741804040148184,0.07657192855303958,0.018872855573442194,dynamic
51,6,119509,119569,60,1.3582051990710473,0.02735741799187428,0.07594909826674827,0.014122571484330998,dynamic
51,7,179940,180000,60,1.7412044590022564,0.014558073497593022,0.058937519914208474,0.018476370620716182,dynamic
51,8,104309,104369,60,1.743509680732285,0.016782570297692645,0.05807068933081046,0.013307839249425092,dynamic
51,9,63351,63411,60,1.756571433416775,0.025961691890548436,0.07270013855178718,0.011558779129799617,dynamic
51,10,129221,129281,60,2.769706798633359,0.031567517085680126,0.08292680353198037,0.04192489810395577,dynamic
51,11,188791,188851,60,3.264975256813047,0.021700337286689304,0.02901380085407438,0.02638480843315582,dynamic
51,12,59046,59106,60,4.1271748006700415,0.02281775087162138,0.059438652749206414,0.013068087987724122,dynamic
51,13,46244,46304,60,4.142830811199279,0.00588558448717912,0.01272200472046912,0.0025255123703895664,dynamic
51,14,261178,261238,60,4.301496233739632,0.02204942597414849,0.012833800676944167,0.003207578979538154,dynamic
51,15,227263,227323,60,4.330044126414146,0.007545365319124733,0.06889204744313676,0.021224058823383303,dynamic
52,0,108574,108634,60,2.4934411839666234e-07,0.053283686636382055,0.028000259725397235,0.2291886910250987,dynamic
52,1,85781,85841,60,1.2678703961887463,0.013591404657466666,0.008887400665272554,0.04294548280619434,dynamic
52,2,118274,118334,60,3.0893860127691477,0.013265020845240358,0.010581773391404247,0.10785407303606179,dynamic
52,3,174557,174617,60,3.1152156256885433,0.007083824586787782,0.008875407915071822,0.03769287072505282,dynamic
52,4,197356,197416,60,3.473611560821695,0.013006354356731108,0.0009513029261117438,0.022503956417321724,dynamic
52,5,143098,143158,60,3.624274588565149,0.012736139991763429,0.006615822757122296,0.006659401051949797,dynamic
52,6,208106,208166,60,3.707088026238941,0.00819798417673164,0.005939679591065083,0.0072536045931991585,dynamic
52,7,53397,53457,60,3.7097257827123786,0.019683786891701877,0.0035462282861297378,0.01140504388044549,dynamic
52,8,248313,248373,60,3.9291788515447923,0.014222982320613945,0.0047423312575564655,0.013214721128522752,dynamic
52,9,137997,138057,60,3.961472305144512,0.0035140949241328693,0.008181767693181937,0.05391675684636431,dynamic
52,10,226334,226394,60,3.9777784829204905,0.11380098465192663,0.004672252889044102,0.013832360009138464,dynamic
52,11,262587,262647,60,3.9860995628602764,0.00833097522037092,0.004910465721851914,0.00515198262814198,dynamic
52,12,203563,203623,60,3.986370592684024,0.00837022691776818,0.0009986469227739126,0.003540830899048436,dynamic
52,13,129719,129779,60,4.088932141428649,0.0228233216293106,0.015643685279496777,0.009992068339517251,dynamic
52,14,196336,196396,60,4.1995229440569934,0.011423964449354647,0.006392233441595956,0.0028677298288947847,dynamic
52,15,233968,234028,60,4.314013742106439,0.020903893826029616,0.008169009314369343,0.036821737856747576,dynamic
52,16,206656,206716,60,4.327389116886178,0.016479913663140063,0.005210707326657327,0.009315846431952487,dynamic
52,17,225557,225617,60,4.372590692509462,0.0035128458033708643,0.0028500186733493365,0.019141029961040525,dynamic
52,18,125518,125578,60,4.381581296546067,0.0034585501760587114,0.007879552284969801,0.0015234199032938239,dynamic
53,0,21963,22023,60,0.0,0.07801278689423972,0.09377150593644397,0.02390045996964847,dynamic
53,1,26273,26333,60,2.3903070948686373,0.09170636368964014,0.14071217343931286,0.01342376222421798,dynamic
53,2,6084,6144,60,2.5767391118268548,0.0352526826535185,0.06909279247407832,0.007897728589198325,dynamic
53,3,22388,22448,60,2.6539763542969412,0.07881122806147758,0.10512611921175294,0.014033992971390827,dynamic
53,4,151239,151299,60,2.6617115835739864,0.10202199583402265,0.07635649470321114,0.0072467442358157864,dynamic
53,5,40328,40388,60,2.715757842914977,0.024035116346253525,0.10480789388901332,0.012251310284206987,dynamic
53,6,180739,180799,60,3.109505983659957,0.01213184417527185,0.010321286173289474,0.004158401118149008,dynamic
53,7,178341,178401,60,3.126879256073691,0.004288125456205705,0.014198363549671071,0.004406969934879617,dynamic
53,8,114158,114218,60,3.167668845208487,0.007035603977976056,0.005402892801760886,0.005622902955797135,dynamic
53,9,52353,52413,60,3.1692227775244612,0.03741558531478869,0.0656653039913726,0.007149026398424526,dynamic
53,10,134847,134907,60,3.2804964473767297,0.0169136468956442,0.0030700599929630017,0.004891711022360027,dynamic
53,11,11186,11246,60,3.3206405456490504,0.010811867633140602,0.003956652619562266,0.008549321045208932,dynamic
53,12,236650,236710,60,3.496262082383548,0.003150820126892451,0.0036476358345824684,0.0024493095054648555,dynamic
53,13,166998,167058,60,3.5111687285379323,0.008901573013584668,0.019725444597287166,0.006657511265916385,dynamic
53,14,189205,189265,60,3.5207137087911966,0.007960944585771486,0.00724568757439908,0.009787787083190785,dynamic
53,15,44494,44554,60,3.7656181046908617,0.02053687640846797,0.019654627895754825,0.0023133201982011775,dynamic
53,16,83157,83217,60,3.927728052192147,0.007096510652940734,0.003088544168297119,0.006926665728020428,dynamic
53,17,162685,162745,60,3.9552522024233707,0.007005592576758474,0.0022159044151428024,0.04455859116878554,dynamic
53,18,78905,78965,60,3.994111187330532,0.0062527173158457286,0.006654374527404783,0.007527902608163221,dynamic
53,19,151846,151906,60,4.032439699632097,0.00784528658791269,0.004385076932549295,0.005918040181532334,dynamic
54,0,97080,97140,60,0.0,0.0030076008312619157,0.0740183290645237,0.0027075501486772315,dynamic
54,1,255791,255851,60,1.8755747509042562,0.009282139496826934,0.0058120980472183064,0.008951660767934928,dynamic
54,2,80035,80095,60,1.9547348354298169,0.0071302008134740665,0.004361404992868108,0.0024009012608576016,dynamic
54,3,101274,101334,60,1.9888854073546034,0.0021321883481865028,0.0052352739176949985,0.0017430971926915353,dynamic
54,4,224922,224982,60,2.3278193688133184,0.029431646636410295,0.012007574704782573,0.006709056284941742,dynamic
54,5,42002,42062,60,2.348449526944389,0.006101252536524685,0.016976523802558954,0.0027754141151154176,dynamic
54,6,97199,97259,60,2.3796929388878216,0.01954554031701596,0.004092681001589863,0.0030957786022523,dynamic
54,7,1191,1251,60,2.480643960238568,0.01035841081848239,0.005839647051641131,0.001791202315988334,dynamic
54,8,11818,11878,60,2.6210148032643046,0.009116873224059227,0.012624984226420199,0.0017011221399460626,dynamic
54,9,224862,224922,60,2.7617713403820434,0.035938181228617,0.006698009189484518,0.006490405770988287,dynamic
54,10,258268,258328,60,2.844714714871862,0.009516454456085415,0.008986896269663883,0.015031923939427812,dynamic
54,11,144034,144094,60,2.8470878709774965,0.006664267198928362,0.005110614714968737,0.0015095126714993693,dynamic
54,12,122318,122378,60,2.9570398495728147,0.0070000251816172525,0.0014891948649178176,0.013833070227279596,dynamic
54,13,232702,232762,60,2.987972614236952,0.019189866997868385,0.011153545572052236,0.00932385700995944,dynamic
54,14,76074,76134,60,3.008382740844095,0.00436510622216891,0.0334111257153709,0.10390072244848299,dynamic
54,15,172338,172398,60,3.047921805202254,0.02450772801907961,0.014380060183631803,0.003802186404791022,dynamic
54,16,218076,218136,60,3.0739287113903524,0.022355762271411735,0.008644691824510045,0.006293644488065347,dynamic
54,17,91212,91272,60,3.1031970914183473,0.00440065066046052,0.0028707781320155504,0.0016871582905792746,dynamic
54,18,13323,13383,60,3.106718013089852,0.008941557190009282,0.0074218813350537954,0.00207115248454446,dynamic
54,19,148995,149055,60,3.1107906879693497,0.005996403270796433,0.0013746989139554703,0.0041067233379835704,dynamic
